Method,Old path,New path,Parameter changes
"GET","/t/payroll/account_entries/{id}","/v0/administration/account_entries/{id}",""
"GET","/t/payroll/account_entries/by_employee_and_type_in_period/{employee_id}","/v0/administration/account_entries/by_employee_and_type_in_period/{employee_id}",""
"GET","/t/payroll/account_entries/by_employee_and_type_till_date/{employee_id}","/v0/administration/account_entries/by_employee_and_type_till_date/{employee_id}",""
"GET","/t/payroll/account_entries/by_employee_and_type/{employee_id}","/v0/administration/account_entries/by_employee_and_type/{employee_id}",""
"GET","/t/payroll/account_entries/by_employee_in_period/{employee_id}","/v0/administration/account_entries/by_employee_in_period/{employee_id}",""
"GET","/t/payroll/account_entries/by_employee_till_date/{employee_id}","/v0/administration/account_entries/by_employee_till_date/{employee_id}",""
"GET","/t/payroll/account_entries/by_employee/{employee_id}","/v0/administration/account_entries/by_employee/{employee_id}",""
"GET","/t/payroll/account_type_expire_statistics/by_employee_at_date/{employee_id}","/v0/administration/account_type_expire_statistics/by_employee_at_date/{employee_id}",""
"GET","/t/payroll/account_types","/v0/administration/account_types",""
"GET","/t/payroll/account_types/{id}","/v0/administration/account_types/{id}",""
"GET","/t/addresses/{id}","/v0/administration/addresses/{id}",""
"GET","/t/admin/background_image","/v0/administration/admin/background_image",""
"GET","/t/admin/licenses","/v0/administration/admin/licenses",""
"GET","/t/admin/logo_image","/v0/administration/admin/logo_image",""
"GET","/t/admin/logo_image/download","/v0/administration/admin/logo_image/download",""
"GET","/t/timesheet_config","/v0/administration/admin/timesheetconfig",""
"PUT","/t/timesheet_config","/v0/administration/admin/timesheetconfig",""
"GET","/t/admin/version","/v0/administration/admin/version",""
"GET","/t/agbcodes","/v0/administration/agbcodes",""
"GET","/t/agbcodes/{id}","/v0/administration/agbcodes/{id}",""
"GET","/t/agbcodes/by_client_id/{id}/sorted","/v0/administration/agbcodes/by_client_id/{id}/sorted",""
"POST","/t/arrangement/intent_preferences/add_intent_to_time_slot/{intent_uuid}","/v0/administration/arrangement/intent_preferences/add_intent_to_time_slot/{intent_uuid}",""
"GET","/t/arrangement/intent_preferences/for_client_in_period/{client_uuid}","/v0/administration/arrangement/intent_preferences/for_client_in_period/{client_uuid}",""
"DELETE","/t/arrangement/intent_preferences/remove_intent_from_time_slot/{intent_uuid}","/v0/administration/arrangement/intent_preferences/remove_intent_from_time_slot/{intent_uuid}",""
"POST","/t/arrangement/intent_preferences/set_intent_to_time_slots/{intent_uuid}","/v0/administration/arrangement/intent_preferences/set_intent_to_time_slots/{intent_uuid}",""
"POST","/t/arrangement/intent_preferences/set_time_slot_to_intents/{time_slot_uuid}","/v0/administration/arrangement/intent_preferences/set_time_slot_to_intents/{time_slot_uuid}",""
"POST","/t/arrangement/intents","/v0/administration/arrangement/intents",""
"PUT","/t/arrangement/intents/{uuid}","/v0/administration/arrangement/intents/{uuid}",""
"DELETE","/t/arrangement/intents/{uuid}","/v0/administration/arrangement/intents/{uuid}",""
"GET","/t/arrangement/intents/by_client_period_plannable/{client_id}","/v0/administration/arrangement/intents/by_client_period_plannable/{client_id}",""
"GET","/t/arrangement/intents/by_employee/{employee_id}","/v0/administration/arrangement/intents/by_employee/{employee_id}",""
"PUT","/t/arrangement/intents/by_timeline/{timeline_uuid}","/v0/administration/arrangement/intents/by_timeline/{timeline_uuid}",""
"DELETE","/t/arrangement/intents/by_timeline/{timeline_uuid}","/v0/administration/arrangement/intents/by_timeline/{timeline_uuid}",""
"POST","/t/arrangement/stakeholders","/v0/administration/arrangement/stakeholders",""
"GET","/t/arrangement/stakeholders/{uuid}","/v0/administration/arrangement/stakeholders/{uuid}",""
"PUT","/t/arrangement/stakeholders/{uuid}","/v0/administration/arrangement/stakeholders/{uuid}",""
"DELETE","/t/arrangement/stakeholders/{uuid}","/v0/administration/arrangement/stakeholders/{uuid}",""
"GET","/t/arrangement/stakeholders/by_intent/{intent_uuid}","/v0/administration/arrangement/stakeholders/by_intent/{intent_uuid}",""
"GET","/t/arrangement/stakeholders/by_timeline/{timeline_uuid}","/v0/administration/arrangement/stakeholders/by_timeline/{timeline_uuid}",""
"POST","/t/arrangement/time_slots","/v0/administration/arrangement/time_slots",""
"GET","/t/arrangement/time_slots/{uuid}","/v0/administration/arrangement/time_slots/{uuid}",""
"PUT","/t/arrangement/time_slots/{uuid}","/v0/administration/arrangement/time_slots/{uuid}",""
"DELETE","/t/arrangement/time_slots/{uuid}","/v0/administration/arrangement/time_slots/{uuid}",""
"GET","/t/arrangement/time_slots/all_for_client/{client_uuid}","/v0/administration/arrangement/time_slots/all_for_client/{client_uuid}",""
"GET","/t/arrangement/time_slots/all_for_intent/{intent_uuid}","/v0/administration/arrangement/time_slots/all_for_intent/{intent_uuid}",""
"GET","/t/arrangement/time_slots/generic_for_client/{client_uuid}","/v0/administration/arrangement/time_slots/generic_for_client/{client_uuid}",""
"GET","/t/employees/{employee_id}/expense_address","/v0/administration/authorized/employees/{employee_id}/expense_address",""
"PUT","/t/employees/{employee_id}/expense_address","/v0/administration/authorized/employees/{employee_id}/expense_address",""
"DELETE","/t/employees/{employee_id}/expense_address/{expenseAddress_id}","/v0/administration/authorized/employees/{employee_id}/expense_address/{expenseAddress_id}",""
"GET","/t/employees/{employee_id}/vehicle","/v0/administration/authorized/employees/{employee_id}/vehicle",""
"PUT","/t/employees/{employee_id}/vehicle","/v0/administration/authorized/employees/{employee_id}/vehicle",""
"DELETE","/t/employees/{employee_id}/vehicle/{vehicle_assignment_id}","/v0/administration/authorized/employees/{employee_id}/vehicle/{vehicle_assignment_id}",""
"POST","/t/bsns","/v0/administration/bsns",""
"GET","/t/bsns/{id}","/v0/administration/bsns/{id}",""
"GET","/t/capacity/capacity_profiles","/v0/administration/capacity/capacity_profiles",""
"GET","/t/capacity/capacity_profiles/{id}","/v0/administration/capacity/capacity_profiles/{id}",""
"GET","/t/capacity/capacity_profiles/all_active","/v0/administration/capacity/capacity_profiles/all_active",""
"POST","/t/care_provider_addresses","/v0/administration/care_provider_addresses",""
"GET","/t/care_provider_addresses/{id}","/v0/administration/care_provider_addresses/{id}",""
"POST","/t/care_allocations","/v0/administration/careallocations",""
"GET","/t/care_allocations/{id}","/v0/administration/careallocations/{id}",""
"PUT","/t/care_allocations/{id}","/v0/administration/careallocations/{id}",""
"POST","/t/external_care_providers","/v0/administration/careproviders",""
"GET","/t/external_care_providers/{care_provider_id}/addresses","/v0/administration/careproviders/{care_provider_id}/addresses",""
"POST","/t/external_care_providers/{care_provider_id}/assign_to_client/{client_id}","/v0/administration/careproviders/{care_provider_id}/assign_to_client/{client_id}",""
"DELETE","/t/external_care_providers/{care_provider_id}/unassign_from_client/{client_id}","/v0/administration/careproviders/{care_provider_id}/unassign_from_client/{client_id}",""
"GET","/t/external_care_providers/{id}","/v0/administration/careproviders/{id}",""
"GET","/t/external_care_providers/category/{category_id}/{identification}","/v0/administration/careproviders/category/{category_id}/{identification}",""
"GET","/t/external_care_providers/identification/{identification}","/v0/administration/careproviders/identification/{identification}",""
"POST","/t/client_addresses","/v0/administration/client_addresses",""
"GET","/t/client_addresses/{id}","/v0/administration/client_addresses/{id}",""
"PUT","/t/client_addresses/{id}","/v0/administration/client_addresses/{id}",""
"POST","/t/client_contact_relation_addresses","/v0/administration/client_contact_relation_addresses",""
"GET","/t/client_contact_relation_addresses/{id}","/v0/administration/client_contact_relation_addresses/{id}",""
"GET","/t/client_contact_relations","/v0/administration/client_contact_relations",""
"POST","/t/client_contact_relations","/v0/administration/client_contact_relations",""
"GET","/t/client_contact_relations/{id}","/v0/administration/client_contact_relations/{id}",""
"PUT","/t/client_contact_relations/{id}","/v0/administration/client_contact_relations/{id}",""
"DELETE","/t/client_contact_relations/{id}","/v0/administration/client_contact_relations/{id}",""
"GET","/t/client_contact_relations/{relation_id}/addresses","/v0/administration/client_contact_relations/{relation_id}/addresses",""
"GET","/t/client_contact_relations/{relation_id}/client_contact_relation_addresses","/v0/administration/client_contact_relations/{relation_id}/addresses",""
"GET","/t/client_contact_relations/by_client_ids","/v0/administration/client_contact_relations/by_client_ids",""
"GET","/t/clients/{client_id}/client_contact_relations","/v0/administration/client_contact_relations/by_client/{client_id}",""
"GET","/t/client_absence_reasons/{id}","/v0/administration/clientAbsenceReasons/{id}",""
"GET","/t/client_absence_reasons","/v0/administration/clientAbsenceReasons/all",""
"POST","/t/client_absences","/v0/administration/clientAbsences",""
"GET","/t/client_absences/{id}","/v0/administration/clientAbsences/{id}",""
"PUT","/t/client_absences/{id}","/v0/administration/clientAbsences/{id}",""
"DELETE","/t/client_absences/{id}","/v0/administration/clientAbsences/{id}",""
"GET","/t/clients/{client_id}/client_absences","/v0/administration/clientAbsences/search_by_client","client_id: moved from path to query"
"GET","/t/clients/{client_id}/client_absences_by_type","/v0/administration/clientAbsences/search_by_client_and_type","client_id: moved from path to query"
"POST","/t/clients","/v0/administration/clients",""
"GET","/t/clients_in_care","/v0/administration/clients_in_care",""
"GET","/t/clients_in_care/old_method","/v0/administration/clients_in_care/old_method",""
"GET","/t/clients/{client_id}/addresses","/v0/administration/clients/{client_id}/addresses",""
"GET","/t/clients/{client_id}/bank_account","/v0/administration/clients/{client_id}/bank_account",""
"GET","/t/clients/{client_id}/bsn","/v0/administration/clients/{client_id}/bsn",""
"GET","/t/clients/{client_id}/care_allocations","/v0/administration/clients/{client_id}/care_allocations",""
"GET","/t/clients/{client_id}/care_arrangements","/v0/administration/clients/{client_id}/care_arrangements",""
"GET","/t/clients/{client_id}/care_providers","/v0/administration/clients/{client_id}/careproviders",""
"GET","/t/clients/{client_id}/client_cards","/v0/administration/clients/{client_id}/clipped_cards",""
"GET","/t/clients/{client_id}/locations","/v0/administration/clients/{client_id}/clipped_locations",""
"GET","/t/clients/{client_id}/consents","/v0/administration/clients/{client_id}/consents",""
"GET","/t/clients/{client_id}/debtors","/v0/administration/clients/{client_id}/debtors",""
"POST","/t/documents","/v0/administration/clients/{client_id}/documents","client_id: moved from query to path"
"GET","/t/documents","/v0/administration/clients/{client_id}/documents/{doc_id}","client_id: moved from query to path","doc_id: moved from query to path"
"GET","/t/documents/download","/v0/administration/clients/{client_id}/documents/{doc_id}/download","client_id: moved from query to path","doc_id: moved from query to path"
"GET","/t/documents/by_client/{client_id}","/v0/administration/clients/{client_id}/documents/all",""
"GET","/t/documents/by_client/{client_id}/all_archived_included","/v0/administration/clients/{client_id}/documents/all_archived_included",""
"GET","/t/clients/{client_id}/finance_types/{finance_type_id}/coordinating_practitioner","/v0/administration/clients/{client_id}/finance_types/{finance_type_id}/coordinating_practitioner",""
"GET","/t/clients/{client_id}/insurances","/v0/administration/clients/{client_id}/insurances",""
"GET","/t/clients/{client_id}/location_assignments","/v0/administration/clients/{client_id}/locations",""
"GET","/t/clients/{client_id}/main_location","/v0/administration/clients/{client_id}/main_location",""
"GET","/t/clients/{client_id}/main_location_assignment","/v0/administration/clients/{client_id}/main_location_assignment",""
"GET","/t/clients/{client_id}/presence_logs","/v0/administration/clients/{client_id}/presence_logs",""
"GET","/t/clients/{client_id}/main_address","/v0/administration/clients/{client_id}/primary_address",""
"GET","/t/clients/{client_id}/waiting_list_location_assignments","/v0/administration/clients/{client_id}/waiting_list_locations",""
"GET","/t/clients/{employee_id}/last_visited_clients","/v0/administration/clients/{employee_id}/last_visited_clients",""
"GET","/t/clients/{id}","/v0/administration/clients/{id}",""
"PUT","/t/clients/{id}","/v0/administration/clients/{id}",""
"GET","/t/clients/by_bsn","/v0/administration/clients/by_bsn",""
"GET","/t/clients/by_bsn/{bsn}","/v0/administration/clients/by_bsn/{bsn}",""
"GET","/t/clients/by_skn","/v0/administration/clients/by_skn",""
"GET","/t/clients/by_uuid/{uuid}","/v0/administration/clients/by_uuid/{uuid}",""
"GET","/t/clients/by_identification_no/{identification_no}","/v0/administration/clients/byIdentificationNumber/{identification_no}",""
"GET","/t/clients/searchresult","/v0/administration/clients/find","employee: renamed from employee_id","includewaiting: renamed from include_waiting","includeoutofcare: renamed from include_outofcare"
"GET","/t/clients/search_grouped","/v0/administration/clients/find_grouped","employee: renamed from employee_id","includewaiting: renamed from include_waiting","includeoutofcare: renamed from include_outofcare"
"GET","/t/clients/ids_in_care_in_period","/v0/administration/clients/ids_in_care_in_period",""
"GET","/t/clients/in_care_in_period","/v0/administration/clients/in_care_in_period",""
"GET","/t/clients/multiple","/v0/administration/clients/multiple",""
"GET","/t/clients/search_by/locations/{location_id}","/v0/administration/clients/search_by_location","location_id: moved from path to query"
"POST","/t/payroll/collective_agreement_assignments","/v0/administration/collective_agreement_assignments",""
"GET","/t/payroll/collective_agreement_assignments/{id}","/v0/administration/collective_agreement_assignments/{id}",""
"PUT","/t/payroll/collective_agreement_assignments/{id}","/v0/administration/collective_agreement_assignments/{id}",""
"DELETE","/t/payroll/collective_agreement_assignments/{id}","/v0/administration/collective_agreement_assignments/{id}",""
"GET","/t/employees/{employee_id}/collective_agreement_assignments","/v0/administration/collective_agreement_assignments/by_employee_id/{employee_id}",""
"DELETE","/t/employees/{employee_id}/collective_agreement_assignments","/v0/administration/collective_agreement_assignments/by_employee_id/{employee_id}",""
"GET","/t/payroll/collective_agreement_rules/{id}","/v0/administration/collective_agreement_rules/{id}",""
"GET","/t/payroll/collective_agreements/{collective_agreement_id}/collective_agreement_rules","/v0/administration/collective_agreement_rules/by_collective_agreement_id/{collective_agreement_id}",""
"GET","/t/payroll/collective_agreements","/v0/administration/collective_agreements",""
"GET","/t/payroll/collective_agreements/{id}","/v0/administration/collective_agreements/{id}",""
"GET","/t/nuts/consents/{id}","/v0/administration/consents/{id}",""
"GET","/t/payroll/contract_types/{id}","/v0/administration/contract_types/{id}",""
"POST","/t/payroll/contracts","/v0/administration/contracts",""
"GET","/t/payroll/contracts/{id}","/v0/administration/contracts/{id}",""
"PUT","/t/payroll/contracts/{id}","/v0/administration/contracts/{id}",""
"GET","/t/cost_centers","/v0/administration/cost_centers/costCenterSelectionOptions",""
"GET","/t/dashboard_profiles","/v0/administration/dashboard_profiles",""
"GET","/t/dbc/dbc_sub_trajects/{id}","/v0/administration/dbc/dbc_sub_trajects/{id}",""
"GET","/t/dbc/dbc_sub_trajects/in_period","/v0/administration/dbc/dbc_sub_trajects/in_period",""
"GET","/t/dbc/dbc_trajects/{dbc_traject_id}/dbc_sub_trajects","/v0/administration/dbc/dbc_trajects/{dbc_traject_id}/dbc_sub_trajects",""
"GET","/t/dbc/dbc_trajects/{id}","/v0/administration/dbc/dbc_trajects/{id}",""
"GET","/t/clients/{client_id}/dbc_trajects","/v0/administration/dbc/dbc_trajects/by_client/{client_id}",""
"GET","/t/debtors","/v0/administration/debtors",""
"GET","/t/debtors/{id}","/v0/administration/debtors/{id}",""
"PUT","/t/documents/update_status/{document_object_id}","/v0/administration/documents/{document_object_id}/status",""
"POST","/t/dossier/action_entries","/v0/administration/dossier/action_entries",""
"PUT","/t/dossier/action_entries/{id}","/v0/administration/dossier/action_entries/{id}",""
"DELETE","/t/dossier/action_entries/{id}","/v0/administration/dossier/action_entries/{id}",""
"POST","/t/dossier/actions","/v0/administration/dossier/actions",""
"GET","/t/dossier/actions/{id}","/v0/administration/dossier/actions/{id}",""
"PUT","/t/dossier/actions/{id}","/v0/administration/dossier/actions/{id}",""
"DELETE","/t/dossier/actions/{id}","/v0/administration/dossier/actions/{id}",""
"GET","/t/dossier/actions/multiple","/v0/administration/dossier/actions/multiple",""
"GET","/t/dossier/actions/search","/v0/administration/dossier/actions/search",""
"POST","/t/dossier/care_plan_entries","/v0/administration/dossier/care_plan_entries",""
"GET","/t/dossier/care_plan_entries/{care_plan_entry_id}/action_entries","/v0/administration/dossier/care_plan_entries/{care_plan_entry_id}/action_entries",""
"GET","/t/dossier/care_plan_entries/{id}","/v0/administration/dossier/care_plan_entries/{id}",""
"PUT","/t/dossier/care_plan_entries/{id}","/v0/administration/dossier/care_plan_entries/{id}",""
"DELETE","/t/dossier/care_plan_entries/{id}","/v0/administration/dossier/care_plan_entries/{id}",""
"POST","/t/dossier/care_plan_entries/create","/v0/administration/dossier/care_plan_entries/create",""
"GET","/t/dossier/care_plan_report_rights/last_report","/v0/administration/dossier/care_plan_report_rights/last_report",""
"POST","/t/dossier/care_plans","/v0/administration/dossier/care_plans",""
"GET","/t/dossier/care_plans/{care_plan_id}/care_plan_entries","/v0/administration/dossier/care_plans/{care_plan_id}/entries",""
"GET","/t/dossier/care_plans/{id}","/v0/administration/dossier/care_plans/{id}",""
"PUT","/t/dossier/care_plans/{id}","/v0/administration/dossier/care_plans/{id}",""
"DELETE","/t/dossier/care_plans/{id}","/v0/administration/dossier/care_plans/{id}",""
"POST","/t/dossier/care_plans/{id}/activate","/v0/administration/dossier/care_plans/{id}/activate",""
"POST","/t/dossier/care_plans/{id}/archive","/v0/administration/dossier/care_plans/{id}/archive",""
"GET","/t/clients/{client_id}/care_plans","/v0/administration/dossier/care_plans/by_client/{client_id}",""
"GET","/t/clients/{client_id}/active_care_plan","/v0/administration/dossier/care_plans/by_client/{client_id}/active",""
"GET","/t/clients/{client_id}/draft_care_plan","/v0/administration/dossier/care_plans/by_client/{client_id}/draft",""
"POST","/t/dossier/care_plans/by_client/{client_id}/new","/v0/administration/dossier/care_plans/by_client/{client_id}/new",""
"GET","/t/dossier/client_notes","/v0/administration/dossier/client_notes","updatedSince: renamed from updated_since"
"POST","/t/dossier/client_notes","/v0/administration/dossier/client_notes",""
"GET","/t/dossier/client_notes/{id}","/v0/administration/dossier/client_notes/{id}",""
"PUT","/t/dossier/client_notes/{id}","/v0/administration/dossier/client_notes/{id}",""
"DELETE","/t/dossier/client_notes/{id}","/v0/administration/dossier/client_notes/{id}",""
"GET","/t/clients/{client_id}/client_notes","/v0/administration/dossier/client_notes/by_client/{client_id}",""
"POST","/t/dossier/demand_entries","/v0/administration/dossier/demand_entries",""
"DELETE","/t/dossier/demand_entries/{id}","/v0/administration/dossier/demand_entries/{id}",""
"POST","/t/dossier/demands","/v0/administration/dossier/demands",""
"GET","/t/dossier/demands/{demand_id}/goals","/v0/administration/dossier/demands/{demand_id}/goals",""
"GET","/t/dossier/demands/{id}","/v0/administration/dossier/demands/{id}",""
"PUT","/t/dossier/demands/{id}","/v0/administration/dossier/demands/{id}",""
"DELETE","/t/dossier/demands/{id}","/v0/administration/dossier/demands/{id}",""
"GET","/t/dossier/demands/multiple","/v0/administration/dossier/demands/multiple",""
"GET","/t/dossier/domains","/v0/administration/dossier/domains",""
"POST","/t/dossier/domains","/v0/administration/dossier/domains",""
"GET","/t/dossier/domains/{domain_id}/actions","/v0/administration/dossier/domains/{domain_id}/actions",""
"GET","/t/dossier/domains/{domain_id}/demands","/v0/administration/dossier/domains/{domain_id}/demands",""
"GET","/t/dossier/domains/{domain_id}/goals","/v0/administration/dossier/domains/{domain_id}/goals",""
"GET","/t/dossier/domains/{id}","/v0/administration/dossier/domains/{id}",""
"PUT","/t/dossier/domains/{id}","/v0/administration/dossier/domains/{id}",""
"GET","/t/dossier/domains/multiple","/v0/administration/dossier/domains/multiple",""
"POST","/t/dossier/goal_entries","/v0/administration/dossier/goal_entries",""
"GET","/t/dossier/goal_entries/{id}","/v0/administration/dossier/goal_entries/{id}",""
"PUT","/t/dossier/goal_entries/{id}","/v0/administration/dossier/goal_entries/{id}",""
"DELETE","/t/dossier/goal_entries/{id}","/v0/administration/dossier/goal_entries/{id}",""
"POST","/t/dossier/goals","/v0/administration/dossier/goals",""
"GET","/t/dossier/goals/{goal_id}/actions","/v0/administration/dossier/goals/{goal_id}/actions",""
"GET","/t/dossier/goals/{id}","/v0/administration/dossier/goals/{id}",""
"PUT","/t/dossier/goals/{id}","/v0/administration/dossier/goals/{id}",""
"DELETE","/t/dossier/goals/{id}","/v0/administration/dossier/goals/{id}",""
"GET","/t/dossier/goals/multiple","/v0/administration/dossier/goals/multiple",""
"GET","/t/dossier/goals/search","/v0/administration/dossier/goals/search",""
"GET","/t/dossier/medical_notes","/v0/administration/dossier/medical_notes","updatedSince: renamed from updated_since"
"POST","/t/dossier/medical_notes","/v0/administration/dossier/medical_notes",""
"GET","/t/dossier/medical_notes/{id}","/v0/administration/dossier/medical_notes/{id}",""
"PUT","/t/dossier/medical_notes/{id}","/v0/administration/dossier/medical_notes/{id}",""
"DELETE","/t/dossier/medical_notes/{id}","/v0/administration/dossier/medical_notes/{id}",""
"GET","/t/clients/{client_id}/medical_notes","/v0/administration/dossier/medical_notes/by_client/{client_id}",""
"GET","/t/clients/{client_id}/unfiltered_medical_notes","/v0/administration/dossier/medical_notes/unfiltered_by_client/{client_id}",""
"GET","/t/dossier/report_types","/v0/administration/dossier/report_types",""
"GET","/t/dossier/report_types/{id}","/v0/administration/dossier/report_types/{id}",""
"PUT","/t/dossier/report_types/{id}","/v0/administration/dossier/report_types/{id}",""
"POST","/t/dossier/reports","/v0/administration/dossier/reports",""
"GET","/t/dossier/reports/{id}","/v0/administration/dossier/reports/{id}",""
"PUT","/t/dossier/reports/{id}","/v0/administration/dossier/reports/{id}",""
"DELETE","/t/dossier/reports/{id}","/v0/administration/dossier/reports/{id}",""
"GET","/t/dossier/reports/{report_id}/children","/v0/administration/dossier/reports/{report_id}/children",""
"GET","/t/dossier/reports/by_care_plan_entry_unescaped/{care_plan_entry_id}","/v0/administration/dossier/reports/by_care_plan_entry_unescaped/{care_plan_entry_id}",""
"GET","/t/dossier/reports/by_care_plan_entry/{care_plan_entry_id}","/v0/administration/dossier/reports/by_care_plan_entry/{care_plan_entry_id}",""
"GET","/t/dossier/reports/by_date","/v0/administration/dossier/reports/by_date/{valid_from}...{valid_to}","valid_from: moved from query to path","valid_to: moved from query to path"
"GET","/t/dossier/reports/by_demand/{demand_id}","/v0/administration/dossier/reports/by_demand/{demand_id}",""
"GET","/t/dossier/reports/by_episode/{episode_id}","/v0/administration/dossier/reports/by_episode/{episode_id}",""
"GET","/t/dossier/reports/by_report_link/{report_link_id}","/v0/administration/dossier/reports/by_report_link/{report_link_id}",""
"GET","/t/dossier/reports/by_restrictive_measure/{restrictive_measure_id}","/v0/administration/dossier/reports/by_restrictive_measure/{restrictive_measure_id}",""
"GET","/t/dossier/reports/by_uuid/{uuid}","/v0/administration/dossier/reports/by_uuid/{uuid}",""
"GET","/t/dossier/reports/last_report_authorizations","/v0/administration/dossier/reports/last_report_authorizations",""
"GET","/t/dossier/reports/search_by_client","/v0/administration/dossier/reports/search_by_client",""
"POST","/t/dossier/reports/soap/report","/v0/administration/dossier/reports/soap/report",""
"PUT","/t/dossier/reports/soap/report/{id}","/v0/administration/dossier/reports/soap/report/{id}",""
"GET","/t/dossier/system_notes","/v0/administration/dossier/system_notes","updatedSince: renamed from updated_since"
"POST","/t/dossier/system_notes","/v0/administration/dossier/system_notes",""
"GET","/t/dossier/system_notes/{id}","/v0/administration/dossier/system_notes/{id}",""
"PUT","/t/dossier/system_notes/{id}","/v0/administration/dossier/system_notes/{id}",""
"DELETE","/t/dossier/system_notes/{id}","/v0/administration/dossier/system_notes/{id}",""
"POST","/t/employee_addresses","/v0/administration/employee_addresses",""
"GET","/t/employee_addresses/{id}","/v0/administration/employee_addresses/{id}",""
"PUT","/t/employee_workflows/{employee_id}/timesheet_submit_date","/v0/administration/employee_workflows/{employee_id}/timesheet_submit_date",""
"PUT","/t/employee_workflows/{employee_id}/timesheet_submit_date_authorized","/v0/administration/employee_workflows/{employee_id}/timesheet_submit_date_authorized",""
"POST","/t/employees","/v0/administration/employees",""
"GET","/t/employees/{employee_id}","/v0/administration/employees/{employee_id}",""
"PUT","/t/employees/{employee_id}","/v0/administration/employees/{employee_id}",""
"GET","/t/employees/{employee_id}/addresses","/v0/administration/employees/{employee_id}/addresses",""
"GET","/t/employees/{employee_id}/agb_codes","/v0/administration/employees/{employee_id}/agb_codes",""
"POST","/t/employees/{employee_id}/agb_codes","/v0/administration/employees/{employee_id}/agb_codes",""
"GET","/t/employees/{employee_id}/agb_codes/{agb_code_id}","/v0/administration/employees/{employee_id}/agb_codes/{agb_code_id}",""
"PUT","/t/employees/{employee_id}/agb_codes/{agb_code_id}","/v0/administration/employees/{employee_id}/agb_codes/{agb_code_id}",""
"DELETE","/t/employees/{employee_id}/agb_codes/{agb_code_id}","/v0/administration/employees/{employee_id}/agb_codes/{agb_code_id}",""
"GET","/t/employees/{employee_id}/bank_account","/v0/administration/employees/{employee_id}/bank_account",""
"GET","/t/employees/{employee_id}/big_codes","/v0/administration/employees/{employee_id}/big_codes",""
"POST","/t/employees/{employee_id}/big_codes","/v0/administration/employees/{employee_id}/big_codes",""
"GET","/t/employees/{employee_id}/big_codes/{big_code_id}","/v0/administration/employees/{employee_id}/big_codes/{big_code_id}",""
"PUT","/t/employees/{employee_id}/big_codes/{big_code_id}","/v0/administration/employees/{employee_id}/big_codes/{big_code_id}",""
"DELETE","/t/employees/{employee_id}/big_codes/{big_code_id}","/v0/administration/employees/{employee_id}/big_codes/{big_code_id}",""
"GET","/t/employees/{employee_id}/teams","/v0/administration/employees/{employee_id}/clipped_teams",""
"GET","/t/employees/{employee_id}/contracts","/v0/administration/employees/{employee_id}/contracts",""
"GET","/t/employees/{employee_id}/expertise_profile_assignments","/v0/administration/employees/{employee_id}/expertise_profile_assignments",""
"GET","/t/employees/{employee_id}/expertise_profiles","/v0/administration/employees/{employee_id}/expertise_profiles",""
"GET","/t/employees/{employee_id}/presence_logs","/v0/administration/employees/{employee_id}/presence_logs",""
"GET","/t/employees/{employee_id}/main_address","/v0/administration/employees/{employee_id}/primary_address",""
"PUT","/t/employees/{employee_id}/privacy_settings","/v0/administration/employees/{employee_id}/privacy_settings",""
"GET","/t/employees/{employee_id}/professions","/v0/administration/employees/{employee_id}/professions",""
"POST","/t/employees/{employee_id}/professions","/v0/administration/employees/{employee_id}/professions",""
"GET","/t/employees/{employee_id}/professions/{profession_id}","/v0/administration/employees/{employee_id}/professions/{profession_id}",""
"PUT","/t/employees/{employee_id}/professions/{profession_id}","/v0/administration/employees/{employee_id}/professions/{profession_id}",""
"DELETE","/t/employees/{employee_id}/professions/{profession_id}","/v0/administration/employees/{employee_id}/professions/{profession_id}",""
"GET","/t/employees/{employee_id}/team_assignments","/v0/administration/employees/{employee_id}/teams",""
"POST","/t/employees/{employee_id}/team_assignments","/v0/administration/employees/{employee_id}/teams",""
"GET","/t/employees/{employee_id}/team_assignments/{team_assignment_id}","/v0/administration/employees/{employee_id}/teams/{team_assignment_id}",""
"PUT","/t/employees/{employee_id}/team_assignments/{team_assignment_id}","/v0/administration/employees/{employee_id}/teams/{team_assignment_id}",""
"DELETE","/t/employees/{employee_id}/team_assignments/{team_assignment_id}","/v0/administration/employees/{employee_id}/teams/{team_assignment_id}",""
"GET","/t/employees/{employee_id}/weeksheet_profile","/v0/administration/employees/{employee_id}/weeksheet_profile",""
"DELETE","/t/employees/{employee_id}/weeksheet_profile","/v0/administration/employees/{employee_id}/weeksheet_profile",""
"PUT","/t/employees/{employee_id}/weeksheet_profile/{weeksheet_profile_id}","/v0/administration/employees/{employee_id}/weeksheet_profile/{weeksheet_profile_id}",""
"GET","/t/employees/by_email","/v0/administration/employees/by_email",""
"GET","/t/employees/by_identification_no/{identification_no}","/v0/administration/employees/by_identification_no/{identification_no}",""
"GET","/t/employees/by_uuid/{uuid}","/v0/administration/employees/by_uuid/{uuid}",""
"GET","/t/employees/search","/v0/administration/employees/find",""
"GET","/t/employees/multiple","/v0/administration/employees/multiple",""
"GET","/t/employees/search_by/teams/{id}","/v0/administration/employees/search_by_team","team_id: renamed from id, moved from path to query"
"PUT","/t/evs/response_message","/v0/administration/evs/response_message",""
"GET","/t/evs/evs_abilities/{action}","/v0/administration/evsabilities/{action}",""
"GET","/t/expense/expense_types","/v0/administration/expense_types",""
"GET","/t/expense/expense_types/{id}","/v0/administration/expense_types/{id}",""
"POST","/t/expense/expenses","/v0/administration/expenses",""
"GET","/t/expense/expenses/{id}","/v0/administration/expenses/{id}",""
"PUT","/t/expense/expenses/{id}","/v0/administration/expenses/{id}",""
"DELETE","/t/expense/expenses/{id}","/v0/administration/expenses/{id}",""
"GET","/t/expense/expenses/search_by/employees/{employee_id}","/v0/administration/expenses/employees/{employee_id}",""
"PUT","/t/expense/expenses/expensedistance/{expense_distance_id}","/v0/administration/expenses/expensedistance/{expense_distance_id}",""
"POST","/t/expense/expenses/preview","/v0/administration/expenses/preview",""
"GET","/t/expertise_groups","/v0/administration/expertise_groups",""
"GET","/t/expertise_groups/{id}","/v0/administration/expertise_groups/{id}",""
"GET","/t/expertise_groups/multiple","/v0/administration/expertise_groups/multiple",""
"POST","/t/expertise_profile_assignments","/v0/administration/expertise_profile_assignments",""
"GET","/t/expertise_profile_assignments/{id}","/v0/administration/expertise_profile_assignments/{id}",""
"PUT","/t/expertise_profile_assignments/{id}","/v0/administration/expertise_profile_assignments/{id}",""
"DELETE","/t/expertise_profile_assignments/{id}","/v0/administration/expertise_profile_assignments/{id}",""
"GET","/t/expertise_profile_assignments/by_employee_ids","/v0/administration/expertise_profile_assignments/by_employee_ids",""
"GET","/t/expertise_profile_assignments/multiple","/v0/administration/expertise_profile_assignments/multiple",""
"GET","/t/expertise_profiles","/v0/administration/expertise_profiles",""
"GET","/t/expertise_profiles/{expertise_profiles_id}/hour_types","/v0/administration/expertise_profiles/{expertise_profiles_id}/hour_types",""
"GET","/t/expertise_profiles/{id}","/v0/administration/expertise_profiles/{id}",""
"GET","/t/expertise_profiles/multiple","/v0/administration/expertise_profiles/multiple",""
"GET","/t/export/export_presence_logs/collect","/v0/administration/export/export_presence_logs/collect",""
"GET","/t/export/export_presence_logs/result/{uuid}","/v0/administration/export/export_presence_logs/result/{uuid}",""
"GET","/t/export/export_presence_logs/status/{uuid}","/v0/administration/export/export_presence_logs/status/{uuid}",""
"POST","/t/finance/care_order_products","/v0/administration/finance/care_order_products",""
"GET","/t/finance/care_order_products/{id}","/v0/administration/finance/care_order_products/{id}",""
"PUT","/t/finance/care_order_products/{id}","/v0/administration/finance/care_order_products/{id}",""
"DELETE","/t/finance/care_order_products/{id}","/v0/administration/finance/care_order_products/{id}",""
"POST","/t/finance/care_orders","/v0/administration/finance/care_orders",""
"GET","/t/finance/care_orders/{care_order_id}/care_order_products","/v0/administration/finance/care_orders/{care_order_id}/care_order_products",""
"GET","/t/care_orders/{care_order_id}/presence_logs","/v0/administration/finance/care_orders/{care_order_id}/presence_logs",""
"GET","/t/care_orders/{care_order_id}/presence_logs_paged","/v0/administration/finance/care_orders/{care_order_id}/presence_logs",""
"GET","/t/finance/care_orders/{id}","/v0/administration/finance/care_orders/{id}",""
"PUT","/t/finance/care_orders/{id}","/v0/administration/finance/care_orders/{id}",""
"DELETE","/t/finance/care_orders/{id}","/v0/administration/finance/care_orders/{id}",""
"GET","/t/finance/care_orders/by_client_and_finance_type/{client_object_id}","/v0/administration/finance/care_orders/by_client_and_finance_type/{client_object_id}",""
"GET","/t/finance/care_orders/by_client/{client_id}","/v0/administration/finance/care_orders/by_client/{client_id}",""
"GET","/t/finance/care_orders/by_identification_no/{identification_no}","/v0/administration/finance/care_orders/by_identification_no/{identification_no}",""
"GET","/t/finance/client_financed_products/by_location_and_finance_type_in_period","/v0/administration/finance/client_financed_products/by_location_and_finance_type_in_period",""
"GET","/t/finance/client_financed_products/by_location_and_finance_types_in_period","/v0/administration/finance/client_financed_products/by_location_and_finance_types_in_period",""
"POST","/t/finance/declaration_rules","/v0/administration/finance/declaration_rules",""
"GET","/t/finance/declaration_rules/{id}","/v0/administration/finance/declaration_rules/{id}",""
"PUT","/t/finance/declaration_rules/{id}","/v0/administration/finance/declaration_rules/{id}",""
"DELETE","/t/finance/declaration_rules/{id}","/v0/administration/finance/declaration_rules/{id}",""
"GET","/t/finance/declaration_rules/by_client/{client_id}","/v0/administration/finance/declaration_rules/by_client/{client_id}",""
"GET","/t/finance/declaration_rules/by_client/{client_id}/is_verified","/v0/administration/finance/declaration_rules/by_client/{client_id}/is_verified",""
"GET","/t/finance/declaration_rules/by_client/{client_id}/verified_until","/v0/administration/finance/declaration_rules/by_client/{client_id}/verified_until",""
"GET","/t/finance/finance_types/{finance_type_id}/products","/v0/administration/finance/finance_types/{finance_type_id}/products",""
"GET","/t/finance/finance_types/{id}","/v0/administration/finance/finance_types/{id}",""
"POST","/t/finance/forensic_care_orders","/v0/administration/finance/forensic_care_orders",""
"GET","/t/finance/forensic_care_orders/{id}","/v0/administration/finance/forensic_care_orders/{id}",""
"PUT","/t/finance/forensic_care_orders/{id}","/v0/administration/finance/forensic_care_orders/{id}",""
"DELETE","/t/finance/forensic_care_orders/{id}","/v0/administration/finance/forensic_care_orders/{id}",""
"GET","/t/finance/invoice_provider_groups","/v0/administration/finance/invoiceProviderGroups",""
"GET","/t/finance/parallel_care_orders/by_employee_and_client_at_date/{employee_object_id}","/v0/administration/finance/parallel_care_orders/by_employee_and_client_at_date/{employee_object_id}",""
"GET","/t/finance/products/{id}","/v0/administration/finance/products/{id}",""
"GET","/t/payroll/holiday/holidays","/v0/administration/holidays",""
"GET","/t/payroll/holiday/holidays/between","/v0/administration/holidays/between",""
"GET","/t/hour_type_categories","/v0/administration/hour_type_categories",""
"GET","/t/hour_type_categories/{id}","/v0/administration/hour_type_categories/{id}",""
"GET","/t/hour_type_categories/by_name/{name}","/v0/administration/hour_type_categories/by_name/{name}",""
"GET","/t/hour_type_product_assignments","/v0/administration/hour_type_product_assignments",""
"GET","/t/hour_type_product_assignments/{id}","/v0/administration/hour_type_product_assignments/{id}",""
"GET","/t/hour_types","/v0/administration/hour_types",""
"GET","/t/hour_types/{id}","/v0/administration/hour_types/{id}",""
"GET","/t/hour_types/{id}/product_assignments","/v0/administration/hour_types/{id}/product_assignments",""
"GET","/t/hour_types/multiple","/v0/administration/hour_types/multiple",""
"GET","/t/payroll/hourly_wages/{id}","/v0/administration/hourly_wages/{id}",""
"GET","/t/payroll/hourly_wages/by_employee/{employee_object_id}","/v0/administration/hourly_wages/by_employee/{employee_object_id}",""
"POST","/t/insurances","/v0/administration/insurances",""
"GET","/t/insurances/{id}","/v0/administration/insurances/{id}",""
"POST","/t/jw/zorglegitimaties","/v0/administration/jw/zorglegitimaties",""
"GET","/t/jw/zorglegitimaties/{id}","/v0/administration/jw/zorglegitimaties/{id}",""
"DELETE","/t/jw/zorglegitimaties/{id}","/v0/administration/jw/zorglegitimaties/{id}",""
"POST","/t/location_assignment_residences","/v0/administration/location_assignment_residences",""
"GET","/t/location_assignment_residences/{id}","/v0/administration/location_assignment_residences/{id}",""
"PUT","/t/location_assignment_residences/{id}","/v0/administration/location_assignment_residences/{id}",""
"GET","/t/location_assignment_residences/by_careorder/{care_order_object_id}","/v0/administration/location_assignment_residences/by_careorder/{care_order_object_id}",""
"POST","/t/location_assignment_waiting_lists","/v0/administration/location_assignment_waiting_lists",""
"GET","/t/location_assignment_waiting_lists/{id}","/v0/administration/location_assignment_waiting_lists/{id}",""
"PUT","/t/location_assignment_waiting_lists/{id}","/v0/administration/location_assignment_waiting_lists/{id}",""
"POST","/t/location_assignments","/v0/administration/location_assignments",""
"GET","/t/location_assignments/{id}","/v0/administration/location_assignments/{id}",""
"PUT","/t/location_assignments/{id}","/v0/administration/location_assignments/{id}",""
"DELETE","/t/location_assignments/{id}","/v0/administration/location_assignments/{id}",""
"GET","/t/locations","/v0/administration/locations",""
"POST","/t/locations","/v0/administration/locations",""
"GET","/t/locations/{id}","/v0/administration/locations/{id}",""
"PUT","/t/locations/{id}","/v0/administration/locations/{id}",""
"GET","/t/locations/multiple","/v0/administration/locations/multiple",""
"GET","/t/navigation/availabilities","/v0/administration/navigation/availabilities",""
"GET","/t/dossier/omaha/omaha_classifications/{id}","/v0/administration/omaha/classifications/{id}",""
"PUT","/t/dossier/omaha/omaha_classifications/{id}","/v0/administration/omaha/classifications/{id}",""
"POST","/t/dossier/omaha/omaha_classifications/by_client/{client_id}/new","/v0/administration/omaha/classifications/by_client/{client_id}/new",""
"GET","/t/dossier/omaha/omaha_classifications/by_survey_result/{survey_result_id}","/v0/administration/omaha/classifications/by_survey_result/{survey_result_id}",""
"POST","/t/dossier/omaha/classified_problems","/v0/administration/omaha/classified_problems",""
"GET","/t/dossier/omaha/classified_problems/{id}","/v0/administration/omaha/classified_problems/{id}",""
"PUT","/t/dossier/omaha/classified_problems/{id}","/v0/administration/omaha/classified_problems/{id}",""
"DELETE","/t/dossier/omaha/classified_problems/{id}","/v0/administration/omaha/classified_problems/{id}",""
"GET","/t/dossier/omaha/intervention_categories","/v0/administration/omaha/intervention_categories",""
"GET","/t/dossier/omaha/intervention_targets","/v0/administration/omaha/intervention_targets",""
"GET","/t/dossier/omaha/problems","/v0/administration/omaha/problems",""
"GET","/t/payroll/payable_hours_averages/on_day_of_week_in_period/{employee_id}","/v0/administration/payable_hours_averages/on_day_of_week_in_period/{employee_id}",""
"GET","/t/payroll/payable_hours_averages/on_days_of_week_in_period/{employee_id}","/v0/administration/payable_hours_averages/on_days_of_week_in_period/{employee_id}",""
"GET","/t/payroll/payable_hours_averages/per_day_in_period/{employee_id}","/v0/administration/payable_hours_averages/per_day_in_period/{employee_id}",""
"GET","/t/payroll/payable_hours_averages/per_week_in_period/{employee_id}","/v0/administration/payable_hours_averages/per_week_in_period/{employee_id}",""
"GET","/t/practitioners/by_agb/{agbcode}","/v0/administration/practitioners/by_agb/{agbcode}",""
"GET","/t/practitioners/by_employee/{employee_id}","/v0/administration/practitioners/by_employee/{employee_id}",""
"GET","/t/practitioners/search","/v0/administration/practitioners/search",""
"GET","/t/presence_logs/{id}","/v0/administration/presence/presence_logs/{id}",""
"GET","/t/presence_logs/with_care_order/{presence_log_object_id}","/v0/administration/presence/presence_logs/with_care_order/{presence_log_object_id}",""
"POST","/t/referrals","/v0/administration/referrals",""
"GET","/t/referrals/{id}","/v0/administration/referrals/{id}",""
"GET","/t/referrals/by_client/{client_id}","/v0/administration/referrals/by_client/{client_id}",""
"GET","/t/referrals/categories","/v0/administration/referrals/categories",""
"GET","/t/skns/{id}","/v0/administration/skns/{id}",""
"GET","/t/status/application","/v0/administration/status/application",""
"DELETE","/t/survey/answers/{id}","/v0/administration/survey_answer/{id}",""
"POST","/t/survey/survey_results","/v0/administration/survey_result",""
"GET","/t/survey/survey_results/{id}","/v0/administration/survey_result/{id}",""
"PUT","/t/survey/survey_results/{id}","/v0/administration/survey_result/{id}",""
"DELETE","/t/survey/survey_results/{id}","/v0/administration/survey_result/{id}",""
"POST","/t/survey/survey_results/{survey_result_id}/duplicate","/v0/administration/survey_result/{survey_result_id}/duplicate",""
"GET","/t/survey/surveys/{survey_id}/survey_results","/v0/administration/survey_result/by_survey/{survey_id}","updatedSince: renamed from updated_since"
"GET","/t/clients/{client_id}/survey_results","/v0/administration/survey_result/survey_results_by_client/{client_id}",""
"GET","/t/survey/answer_definition_groups","/v0/administration/survey/answer_definition_groups",""
"POST","/t/survey/answer_definition_groups","/v0/administration/survey/answer_definition_groups",""
"GET","/t/survey/answer_definition_groups/{id}","/v0/administration/survey/answer_definition_groups/{id}",""
"PUT","/t/survey/answer_definition_groups/{id}","/v0/administration/survey/answer_definition_groups/{id}",""
"GET","/t/survey/group_answers/{id}","/v0/administration/survey/group_answers/{id}",""
"GET","/t/survey/surveys","/v0/administration/survey/surveys",""
"POST","/t/survey/surveys","/v0/administration/survey/surveys",""
"GET","/t/survey/surveys/{id}","/v0/administration/survey/surveys/{id}",""
"PUT","/t/survey/surveys/{id}","/v0/administration/survey/surveys/{id}",""
"DELETE","/t/survey/surveys/{id}","/v0/administration/survey/surveys/{id}",""
"GET","/t/survey/surveys/creatable_surveys_by_employee/{employee_id}","/v0/administration/survey/surveys/creatable_surveys_by_employee/{employee_id}",""
"POST","/t/team_addresses","/v0/administration/team_addresses",""
"GET","/t/team_addresses/{id}","/v0/administration/team_addresses/{id}",""
"PUT","/t/team_addresses/{id}","/v0/administration/team_addresses/{id}",""
"DELETE","/t/team_addresses/{id}","/v0/administration/team_addresses/{id}",""
"GET","/t/team_assignments/{id}","/v0/administration/team_assignments/{id}",""
"GET","/t/teams","/v0/administration/teams",""
"GET","/t/teams/{id}","/v0/administration/teams/{id}",""
"GET","/t/teams/by_code/{code}","/v0/administration/teams/by_code/{code}",""
"GET","/t/teams/multiple","/v0/administration/teams/multiple",""
"GET","/t/transport/client_transport/by_client/{client_id}","/v0/administration/transport/client_transport/by_client/{client_id}",""
"GET","/t/treatment_locations/{id}","/v0/administration/treatment_locations/{id}",""
"POST","/t/users","/v0/administration/users",""
"GET","/t/users/{id}","/v0/administration/users/{id}",""
"PUT","/t/users/{id}","/v0/administration/users/{id}",""
"DELETE","/t/users/{id}","/v0/administration/users/{id}",""
"GET","/t/users/{user_id}/last_visited_clients","/v0/administration/users/{user_id}/last_visited_clients",""
"POST","/t/users/{user_id}/last_visited_clients/{client_id}","/v0/administration/users/{user_id}/last_visited_clients/{client_id}",""
"GET","/t/users/{user_id}/last_visited_employees","/v0/administration/users/{user_id}/last_visited_employees",""
"GET","/t/users/{user_id}/last_visited_locations","/v0/administration/users/{user_id}/last_visited_locations",""
"GET","/t/users/{user_id}/last_visited_teams","/v0/administration/users/{user_id}/last_visited_teams",""
"PUT","/t/users/{user_id}/password","/v0/administration/users/{user_id}/password",""
"GET","/t/users/{user_id}/scoped_teams","/v0/administration/users/{user_id}/scoped_teams",""
"GET","/t/users/{user_id}/status","/v0/administration/users/{user_id}/status",""
"GET","/t/users/{user_id}/viewable_locations","/v0/administration/users/{user_id}/viewable_locations",""
"GET","/t/users/by_employee_id/{employee_id}","/v0/administration/users/by_employee_id/{employee_id}",""
"GET","/t/users/by_sso","/v0/administration/users/by_sso",""
"GET","/t/users/by_user_name","/v0/administration/users/by_username","username: renamed from user_name"
"GET","/t/users/by_user_name/{user_name}","/v0/administration/users/by_username/{user_name}",""
"GET","/t/users/by_uuid/{uuid}","/v0/administration/users/by_uuid/{uuid}",""
"GET","/t/weeksheet_profiles","/v0/administration/weeksheet_profiles",""
"POST","/t/wlz/zorglegitimaties","/v0/administration/wlz/zorglegitimaties",""
"GET","/t/wlz/zorglegitimaties/{id}","/v0/administration/wlz/zorglegitimaties/{id}",""
"DELETE","/t/wlz/zorglegitimaties/{id}","/v0/administration/wlz/zorglegitimaties/{id}",""
"POST","/t/wmo/zorglegitimaties","/v0/administration/wmo/zorglegitimaties",""
"GET","/t/wmo/zorglegitimaties/{id}","/v0/administration/wmo/zorglegitimaties/{id}",""
"DELETE","/t/wmo/zorglegitimaties/{id}","/v0/administration/wmo/zorglegitimaties/{id}",""
"GET","/t/payroll/work_hours_balances/by_employee_at_date/{employee_object_id}","/v0/administration/work_hours_balances/by_employee_at_date/{employee_object_id}",""
"GET","/t/payroll/work_hours_balances/by_employee_with_type_at_date/{employee_object_id}","/v0/administration/work_hours_balances/by_employee_with_type_at_date/{employee_object_id}",""
"GET","/t/payroll/work_hours_balances/by_employee_with_type/{employee_object_id}","/v0/administration/work_hours_balances/by_employee_with_type/{employee_object_id}",""
"GET","/t/payroll/work_hours_balances/by_employee/{employee_object_id}","/v0/administration/work_hours_balances/by_employee/{employee_object_id}",""
"GET","/t/payroll/work_load/by_employee_in_year/{employee_object_id}","/v0/administration/work_load/by_employee_in_year/{employee_object_id}",""
"GET","/t/worksheets/{employee_id}","/v0/administration/worksheets/{employee_id}",""
"POST","/t/zpm/care_orders","/v0/administration/zpm/care_orders",""
"GET","/t/zpm/care_orders/{care_order_id}","/v0/administration/zpm/care_orders/{care_order_id}",""
"GET","/t/zpm/gbggz_profielen","/v0/administration/zpm/gbggz_profielen",""
"GET","/t/zpm/settings","/v0/administration/zpm/settings",""
"GET","/t/zpm/zorglabels","/v0/administration/zpm/zorglabels",""
"GET","/t/agenda_occurrences/{agenda_occurrence_id}/presence_logs","/v0/agenda/agenda_occurrences/{agenda_occurrence_id}/presence_logs",""
"GET","/t/agenda_occurrences/{id}","/v0/agenda/agenda_occurrences/{id}",""
"DELETE","/t/agenda_occurrences/{id}/destroy_following","/v0/agenda/agenda_occurrences/{id}/destroy_following",""
"DELETE","/t/agenda_occurrences/{id}/destroy_incidentally","/v0/agenda/agenda_occurrences/{id}/destroy_incidentally",""
"PUT","/t/agenda_occurrences/{id}/update_following","/v0/agenda/agenda_occurrences/{id}/update_following",""
"PUT","/t/agenda_occurrences/{id}/update_incidentally","/v0/agenda/agenda_occurrences/{id}/update_incidentally",""
"GET","/t/agenda_registration_status","/v0/agenda/agenda_registration_status","type_ids[]: renamed from type_ids"
"POST","/t/agenda_series","/v0/agenda/agenda_series",""
"POST","/t/agenda_series/archive_group","/v0/agenda/agenda_series/archive_group",""
"PUT","/t/agenda_series/update_group","/v0/agenda/agenda_series/update_group",""
"GET","/t/agenda/client_absence_occurrences/{id}","/v0/agenda/client_absence_occurrences/{id}",""
"GET","/t/agenda/client_absence_occurrences/by_client_in_period","/v0/agenda/client_absence_occurrences/by_client_in_period",""
"GET","/t/clients/{client_id}/agenda_occurrences","/v0/agenda/clients/{client_id}/agenda_occurrences","from: renamed from valid_from","to: renamed from valid_to"
"GET","/t/employees/{employee_id}/agenda_occurrences","/v0/agenda/employees/{employee_id}/agenda_occurrences","from: renamed from valid_from","to: renamed from valid_to"
"GET","/t/agenda/groups/{group_id}/future_events","/v0/agenda/groups/{group_id}/future_events",""
"GET","/t/agenda_occurrences/by_group/{group_uuid}","/v0/agenda/groups/{group_uuid}/agenda_occurrences","from: renamed from valid_from","to: renamed from valid_to"
"GET","/t/agenda/labels","/v0/agenda/labels",""
"GET","/t/locations/{location_id}/agenda_occurrences","/v0/agenda/locations/{location_id}/agenda_occurrences","from: renamed from valid_from","to: renamed from valid_to"
"GET","/t/agenda/registrations/by_registration_coupling_uuid/{registration_coupling_uuid}","/v0/agenda/registrations/by_registration_coupling_uuid/{registration_coupling_uuid}",""
"GET","/t/teams/agenda_enabled","/v0/agenda/teams",""
"POST","/t/agenda/unavailabilities","/v0/agenda/unavailabilities",""
"GET","/t/herald/announcement_count","/v0/announcements/announcement_count",""
"GET","/t/auditing/export","/v0/auditing/export","titles[]: renamed from titles"
"GET","/t/authorization/provisioning/roles","/v0/authorization/provisioning/roles",""
"PUT","/t/authorization/provisioning/users/{user_uuid}","/v0/authorization/provisioning/users/{user_uuid}",""
"PUT","/t/authorization/provisioning/users/{user_uuid}/duties","/v0/authorization/provisioning/users/{user_uuid}/duties",""
"PUT","/t/authorization/provisioning/users/{user_uuid}/my_locations","/v0/authorization/provisioning/users/{user_uuid}/my_locations",""
"PUT","/t/authorization/provisioning/users/{user_uuid}/my_teams","/v0/authorization/provisioning/users/{user_uuid}/my_teams",""
"PUT","/t/authorization/provisioning/users/{user_uuid}/scope_settings","/v0/authorization/provisioning/users/{user_uuid}/scope_settings",""
"PUT","/t/authorization/provisioning/users/{user_uuid}/scopes","/v0/authorization/provisioning/users/{user_uuid}/scopes",""
"GET","/t/employees/{employee_id}/kamino_setting","/v0/berichten/cupido/employees/{employee_id}/setting",""
"PATCH","/t/employees/{employee_id}/kamino_setting","/v0/berichten/cupido/employees/{employee_id}/setting",""
"GET","/t/caren/people/by_external_id/{client_id}","/v0/caren/external_id/people/{client_id}",""
"GET","/t/clients/{client_id}/caren/person","/v0/caren/external_id/people/{client_id}",""
"GET","/t/caren/invitations/{invitation_id}/letter","/v0/caren/invitations/{invitation_id}/letter",""
"GET","/t/client_collab/shared_resources","/v0/caren/shared_resources",""
"GET","/t/client_collab/shared_resources/multiple","/v0/caren/shared_resources",""
"PUT","/t/client_collab/shared_resources/{id}/unshare","/v0/caren/shared_resources/{id}/unshare",""
"GET","/t/caretech/server/orders","/v0/caretech/server/orders",""
"GET","/t/caretech/server/orders/{order_id}","/v0/caretech/server/orders/{order_id}",""
"PATCH","/t/caretech/server/orders/{order_id}/status","/v0/caretech/server/orders/{order_id}/status",""
"POST","/t/caretech/server/product_allocations","/v0/caretech/server/product_allocations",""
"GET","/t/client_story/authorized/images/by_client_id_and_reference","/v0/client_story/authorized/clients/{client_id}/client_story/images","client_id: moved from query to path"
"GET","/t/client_story/authorized_stories/full_by_client/{client_id}","/v0/client_story/authorized/stories/full_by_client/{client_id}",""
"POST","/t/client_story/care_relations/request_for_client/{client_id}","/v0/client_story/care_relations/request_for_client/{client_id}",""
"GET","/t/client_story/change_sets/most_recent_by_client/{client_id}","/v0/client_story/change_sets/most_recent_by_client/{client_id}",""
"GET","/t/client_story/images/by_client_id_and_reference","/v0/client_story/clients/{client_id}/client_story/images","client_id: moved from query to path"
"PUT","/t/client_story/stories/by_client/{client_id}","/v0/client_story/stories/by_client/{client_id}",""
"GET","/t/client_story/stories/full_by_client/{client_id}","/v0/client_story/stories/full_by_client/{client_id}",""
"GET","/t/client_story/stories/single_answer_full_by_client/{client_id}","/v0/client_story/stories/single_answer_full_by_client/{client_id}",""
"GET","/t/ons_client/shared_resources","/v0/client/shared_resources",""
"GET","/t/dbc/ggz/fz/subtrajecten","/v0/dbc/fz/subtraject",""
"GET","/t/dbc/ggz/fz/subtrajecten/{id}/history","/v0/dbc/fz/subtraject/{id}/history",""
"GET","/t/dbc/ggz/fz/subtrajecten/gesloten","/v0/dbc/fz/subtraject/gesloten",""
"GET","/t/dbc/ggz/zorgtrajecten/by_client/{client_id}","/v0/dbc/ggz/client/{client_id}/zorgtrajecten",""
"GET","/t/dbc/ggz/jw/subtrajecten/gesloten","/v0/dbc/ggz/jw/subtraject/gesloten",""
"GET","/t/dbc/ggz/subtrajecten","/v0/dbc/ggz/subtraject",""
"GET","/t/dbc/ggz/subtrajecten/{id}","/v0/dbc/ggz/subtraject/{id}",""
"GET","/t/dbc/ggz/subtrajecten/{id}/history","/v0/dbc/ggz/subtraject/{id}/history",""
"GET","/t/dbc/ggz/validation_errors/by_subtraject/{subtraject_id}","/v0/dbc/ggz/subtraject/{subtraject_id}/validation_errors",""
"GET","/t/dbc/ggz/subtrajecten/gesloten","/v0/dbc/ggz/subtraject/gesloten",""
"GET","/t/dbc/ggz/validation_errors/by_subtrajects","/v0/dbc/ggz/subtraject/validation_errors",""
"POST","/t/dbc/ggz/zorgtrajecten","/v0/dbc/ggz/zorgtraject",""
"GET","/t/dbc/ggz/zorgtrajecten/{id}","/v0/dbc/ggz/zorgtraject/{id}",""
"POST","/t/dbc/ggz/zorgtrajecten/{zorgtraject_id}/diagnose_toekenningen","/v0/dbc/ggz/zorgtraject/{zorgtraject_id}/diagnose_toekenningen",""
"DELETE","/t/dbc/ggz/zorgtrajecten/{zorgtraject_id}/diagnose_toekenningen","/v0/dbc/ggz/zorgtraject/{zorgtraject_id}/diagnose_toekenningen",""
"GET","/t/dbc/ggz/presencelog_sync_error/{id}","/v0/dbc/presencelog_sync_error/{id}",""
"GET","/t/dbc/ggz/presencelog_sync_error/in_period","/v0/dbc/presencelog_sync_error/in_period",""
"GET","/t/active_care_plan_metadata","/v0/dossier/back_channel/authorized/active_care_plan_metadata","client_ids[]: renamed from client_ids"
"GET","/t/dossier/admin/alerts/topics","/v0/dossier/back_channel/authorized/admin/alerts/topics",""
"POST","/t/dossier/admin/alerts/topics","/v0/dossier/back_channel/authorized/admin/alerts/topics",""
"GET","/t/dossier/admin/alerts/topics/{id}","/v0/dossier/back_channel/authorized/admin/alerts/topics/{id}",""
"PUT","/t/dossier/admin/alerts/topics/{id}","/v0/dossier/back_channel/authorized/admin/alerts/topics/{id}",""
"DELETE","/t/dossier/admin/alerts/topics/{id}","/v0/dossier/back_channel/authorized/admin/alerts/topics/{id}",""
"POST","/t/dossier/alerts","/v0/dossier/back_channel/authorized/alerts",""
"GET","/t/dossier/alerts/{id}","/v0/dossier/back_channel/authorized/alerts/{id}",""
"PUT","/t/dossier/alerts/{id}","/v0/dossier/back_channel/authorized/alerts/{id}",""
"GET","/t/dossier/clients/{client_id}/last_medical_moments","/v0/dossier/back_channel/authorized/clients/{client_id}/last_medical_moments",""
"GET","/t/clients/{client_id}/medical/propensities_to_adverse_reaction","/v0/dossier/back_channel/authorized/clients/{client_id}/medical/propensities_to_adverse_reaction",""
"POST","/t/dossier/authorized/clients/{client_id}/reports","/v0/dossier/back_channel/authorized/clients/{client_id}/reports",""
"GET","/t/dossier/authorized/clients/{client_id}/reports_with_actions","/v0/dossier/back_channel/authorized/clients/{client_id}/reports_with_actions",""
"PUT","/t/dossier/authorized/clients/{client_id}/reports/{report_id}","/v0/dossier/back_channel/authorized/clients/{client_id}/reports/{report_id}",""
"GET","/t/dossier/authorized/clients/{client_id}/reports/search_by_client","/v0/dossier/back_channel/authorized/clients/{client_id}/reports/search_by_client",""
"GET","/t/dossier/authorized/clients/{client_id}/reports/search_by_client_with_updated_since","/v0/dossier/back_channel/authorized/clients/{client_id}/reports/search_by_client_with_updated_since",""
"POST","/t/dossier/medical/propensities_to_adverse_reaction","/v0/dossier/back_channel/authorized/medical/propensities_to_adverse_reaction",""
"GET","/t/dossier/medical/propensities_to_adverse_reaction/{id}","/v0/dossier/back_channel/authorized/medical/propensities_to_adverse_reaction/{id}",""
"PUT","/t/dossier/medical/propensities_to_adverse_reaction/{id}","/v0/dossier/back_channel/authorized/medical/propensities_to_adverse_reaction/{id}",""
"DELETE","/t/dossier/medical/propensities_to_adverse_reaction/{id}","/v0/dossier/back_channel/authorized/medical/propensities_to_adverse_reaction/{id}",""
"GET","/t/dossier/authorized/reports/with_actions","/v0/dossier/back_channel/authorized/reports/with_actions","location_ids[]: renamed from location_ids"
"GET","/t/dossier/authorized/reports/with_actions_summary","/v0/dossier/back_channel/authorized/reports/with_actions_summary","location_ids[]: renamed from location_ids"
"GET","/t/dossier/action_entry_summaries/last_by_persistent_ids","/v0/dossier/back_channel/unauthorized/action_entry_summaries/last_by_persistent_ids","persistent_ids[]: renamed from persistent_ids"
"GET","/t/dossier/unauthorized/alerts/{id}","/v0/dossier/back_channel/unauthorized/alerts/{id}",""
"GET","/t/dossier/unauthorized/alerts/by_client_ids","/v0/dossier/back_channel/unauthorized/alerts/by_client_ids","ids[]: renamed from ids"
"GET","/t/dossier/care_plan_agreements/{id}","/v0/dossier/back_channel/unauthorized/care_plan/{id}/agreement",""
"GET","/t/dossier/care_plan_signature_requirements/{id}","/v0/dossier/back_channel/unauthorized/care_plan/{id}/signature_requirement",""
"POST","/t/dossier/restrictive_measure_registrations","/v0/dossier/back_channel/unauthorized/care_plan/restrictive_measure_registrations",""
"POST","/t/dossier/restrictive_measure_care_plan_entries","/v0/dossier/back_channel/unauthorized/care_plan/restrictive_measures",""
"GET","/t/dossier/restrictive_measure_care_plan_entries/{id}","/v0/dossier/back_channel/unauthorized/care_plan/restrictive_measures/{id}",""
"PUT","/t/dossier/restrictive_measure_care_plan_entries/{id}","/v0/dossier/back_channel/unauthorized/care_plan/restrictive_measures/{id}",""
"DELETE","/t/dossier/restrictive_measure_care_plan_entries/{id}","/v0/dossier/back_channel/unauthorized/care_plan/restrictive_measures/{id}",""
"PATCH","/t/dossier/restrictive_measure_care_plan_entries/{id}","/v0/dossier/back_channel/unauthorized/care_plan/restrictive_measures/{id}",""
"GET","/t/dossier/clients/{client_id}/care_plan/restrictive_measure_registrations","/v0/dossier/back_channel/unauthorized/clients/{client_id}/care_plan/restrictive_measure_registrations",""
"GET","/t/dossier/clients/{client_id}/care_plan/restrictive_measure_care_plan_entries","/v0/dossier/back_channel/unauthorized/clients/{client_id}/care_plan/restrictive_measures",""
"GET","/t/clients/{client_id}/medical/advance_directives/contexts","/v0/dossier/back_channel/unauthorized/clients/{client_id}/medical/advance_directives/contexts",""
"GET","/t/dossier/medical/dsm/classification_series","/v0/dossier/back_channel/unauthorized/clients/{client_id}/medical/dsm/classification_series","client_id: moved from query to path"
"GET","/t/clients/{client_id}/medical/involuntary_care/legal_statuses","/v0/dossier/back_channel/unauthorized/clients/{client_id}/medical/involuntary_care/legal_statuses",""
"GET","/t/dossier/authorized/clients/{client_id}/reports/unfiltered_search_by_client","/v0/dossier/back_channel/unauthorized/clients/{client_id}/reports/unfiltered_search_by_client",""
"POST","/t/dossier/episodes/episodes","/v0/dossier/back_channel/unauthorized/episodes",""
"GET","/t/dossier/episodes/episodes/{id}","/v0/dossier/back_channel/unauthorized/episodes/{id}",""
"PUT","/t/dossier/episodes/episodes/{id}","/v0/dossier/back_channel/unauthorized/episodes/{id}",""
"PATCH","/t/dossier/episodes/episodes/{id}","/v0/dossier/back_channel/unauthorized/episodes/{id}",""
"POST","/t/dossier/episodes/actions","/v0/dossier/back_channel/unauthorized/episodes/actions",""
"PUT","/t/dossier/episodes/actions/{id}","/v0/dossier/back_channel/unauthorized/episodes/actions/{id}",""
"PATCH","/t/dossier/episodes/actions/{id}","/v0/dossier/back_channel/unauthorized/episodes/actions/{id}",""
"GET","/t/dossier/episodes/actions/by_episode_id/{episode_id}","/v0/dossier/back_channel/unauthorized/episodes/actions/by_episode_id/{episode_id}",""
"GET","/t/dossier/episodes/actions/by_sub_goal_id/{sub_goal_id}","/v0/dossier/back_channel/unauthorized/episodes/actions/by_sub_goal_id/{sub_goal_id}",""
"GET","/t/dossier/episodes/by_client_id/{client_id}","/v0/dossier/back_channel/unauthorized/episodes/by_client_id/{client_id}",""
"POST","/t/dossier/episodes/sub_goals","/v0/dossier/back_channel/unauthorized/episodes/sub_goals",""
"PUT","/t/dossier/episodes/sub_goals/{id}","/v0/dossier/back_channel/unauthorized/episodes/sub_goals/{id}",""
"PATCH","/t/dossier/episodes/sub_goals/{id}","/v0/dossier/back_channel/unauthorized/episodes/sub_goals/{id}",""
"GET","/t/dossier/episodes/sub_goals/by_episode_id/{episode_id}","/v0/dossier/back_channel/unauthorized/episodes/sub_goals/by_episode_id/{episode_id}",""
"GET","/t/dossier/involuntary_care_export/entries","/v0/dossier/back_channel/unauthorized/involuntary_care_export/entries",""
"POST","/t/dossier/medical/advance_directives/contexts","/v0/dossier/back_channel/unauthorized/medical/advance_directives/contexts",""
"PUT","/t/dossier/medical/advance_directives/contexts/{id}","/v0/dossier/back_channel/unauthorized/medical/advance_directives/contexts/{id}",""
"DELETE","/t/dossier/medical/advance_directives/contexts/{id}","/v0/dossier/back_channel/unauthorized/medical/advance_directives/contexts/{id}",""
"PATCH","/t/dossier/medical/advance_directives/contexts/{id}","/v0/dossier/back_channel/unauthorized/medical/advance_directives/contexts/{id}",""
"POST","/t/dossier/medical/dsm/classification_series","/v0/dossier/back_channel/unauthorized/medical/dsm/classification_series",""
"GET","/t/dossier/medical/dsm/classification_series/{classification_series_id}/diagnosis_assignments","/v0/dossier/back_channel/unauthorized/medical/dsm/classification_series/{classification_series_id}/diagnosis_assignments",""
"GET","/t/dossier/medical/dsm/classification_series/{id}","/v0/dossier/back_channel/unauthorized/medical/dsm/classification_series/{id}",""
"GET","/t/dossier/medical/dsm/classifications","/v0/dossier/back_channel/unauthorized/medical/dsm/classifications",""
"GET","/t/dossier/medical/dsm/classifications/{id}","/v0/dossier/back_channel/unauthorized/medical/dsm/classifications/{id}",""
"POST","/t/dossier/medical/involuntary_care/incompetences","/v0/dossier/back_channel/unauthorized/medical/involuntary_care/incompetences",""
"GET","/t/dossier/medical/involuntary_care/incompetences/{id}","/v0/dossier/back_channel/unauthorized/medical/involuntary_care/incompetences/{id}",""
"PUT","/t/dossier/medical/involuntary_care/incompetences/{id}","/v0/dossier/back_channel/unauthorized/medical/involuntary_care/incompetences/{id}",""
"DELETE","/t/dossier/medical/involuntary_care/incompetences/{id}","/v0/dossier/back_channel/unauthorized/medical/involuntary_care/incompetences/{id}",""
"PATCH","/t/dossier/medical/involuntary_care/incompetences/{id}","/v0/dossier/back_channel/unauthorized/medical/involuntary_care/incompetences/{id}",""
"POST","/t/dossier/medical/involuntary_care/legal_statuses","/v0/dossier/back_channel/unauthorized/medical/involuntary_care/legal_statuses",""
"GET","/t/dossier/medical/involuntary_care/legal_statuses/{id}","/v0/dossier/back_channel/unauthorized/medical/involuntary_care/legal_statuses/{id}",""
"PUT","/t/dossier/medical/involuntary_care/legal_statuses/{id}","/v0/dossier/back_channel/unauthorized/medical/involuntary_care/legal_statuses/{id}",""
"DELETE","/t/dossier/medical/involuntary_care/legal_statuses/{id}","/v0/dossier/back_channel/unauthorized/medical/involuntary_care/legal_statuses/{id}",""
"PATCH","/t/dossier/medical/involuntary_care/legal_statuses/{id}","/v0/dossier/back_channel/unauthorized/medical/involuntary_care/legal_statuses/{id}",""
"GET","/t/dossier/medical/medical_summaries/by_client_ids","/v0/dossier/back_channel/unauthorized/medical/medical_summaries/by_client_ids","id[]: renamed from id"
"POST","/t/dossier/medical/problems","/v0/dossier/back_channel/unauthorized/medical/problems",""
"GET","/t/dossier/medical/problems/{id}","/v0/dossier/back_channel/unauthorized/medical/problems/{id}",""
"PUT","/t/dossier/medical/problems/{id}","/v0/dossier/back_channel/unauthorized/medical/problems/{id}",""
"DELETE","/t/dossier/medical/problems/{id}","/v0/dossier/back_channel/unauthorized/medical/problems/{id}",""
"PATCH","/t/dossier/medical/problems/{id}","/v0/dossier/back_channel/unauthorized/medical/problems/{id}",""
"PUT","/t/dossier/medical/simplified_propensity_to_adverse_reaction","/v0/dossier/back_channel/unauthorized/medical/simplified/propensities_to_adverse_reaction",""
"POST","/t/dossier/medical/simplified_propensity_to_adverse_reaction","/v0/dossier/back_channel/unauthorized/medical/simplified/propensities_to_adverse_reaction",""
"GET","/t/dossier/reports/by_next_dossier_report_link/{report_link_id}","/v0/dossier/back_channel/unauthorized/reports/by_next_dossier_report_link/{report_link_id}",""
"POST","/t/fvc/message","/v0/farmed_visie/message",""
"GET","/t/finance/debtor_groups","/v0/finance/debtorGroups",""
"GET","/t/finance/debtor_groups/{id}","/v0/finance/debtorGroups/{id}",""
"GET","/t/finance/debtor_groups/by_debtor_id/{debtor_id}","/v0/finance/debtorGroups/byDebtorId/{debtor_id}",""
"GET","/t/clients/{client_id}/groupcare_agenda_occurrences","/v0/groupcare/clients/{client_id}/occurrences",""
"GET","/t/groupcare/groups","/v0/groupcare/groups",""
"POST","/t/groupcare/groups","/v0/groupcare/groups",""
"GET","/t/groupcare/groups/{id}","/v0/groupcare/groups/{id}",""
"PUT","/t/groupcare/groups/{id}","/v0/groupcare/groups/{id}",""
"GET","/t/onsimport/runs","/v0/import/run",""
"POST","/t/onsimport/runs","/v0/import/run",""
"DELETE","/t/onsimport/runs/{run_id}","/v0/import/run/{run_id}",""
"GET","/t/onsimport/runs/{run_id}/report","/v0/import/run/{run_id}/report",""
"GET","/t/onsimport/runs/{run_id}/report/{report_id}","/v0/import/run/{run_id}/report/{report_id}",""
"GET","/t/onsimport/runs/{run_id}/status","/v0/import/run/{run_id}/status",""
"GET","/t/onsimport/runs/{run_id}/status/{upload_id}","/v0/import/run/{run_id}/status/{upload_id}",""
"GET","/t/onsimport/runs/{run_id}/validations","/v0/import/run/{run_id}/validations",""
"POST","/t/onsimport/runs/binary","/v0/import/run/binary",""
"POST","/t/onsimport/runs/xml","/v0/import/run/xml",""
"POST","/t/harmony/zorgdomein/fhir/connector/bundle_wrapper","/v0/ketenverkeer/fhir/r3/bundle_wrapper",""
"GET","/t/employees/{employee_id}/employee_portal_profile","/v0/medewerkerportaal/employees/{employee_id}/employee_portal_profile",""
"POST","/t/medication/double_check_changes","/v0/medicatie_legacy/double_check_changes",""
"GET","/t/medication/double_checks/{uuid}","/v0/medicatie_legacy/double_checks/{uuid}",""
"GET","/t/medication/medication_plans/weeks/current","/v0/medicatie_legacy/medication_plan_overviews/current_week",""
"GET","/t/medication/medication_plans/weeks/next","/v0/medicatie_legacy/medication_plan_overviews/next_week",""
"GET","/t/medication/medication_plans/clients/{client_id}/weeks/{week}","/v0/medicatie_legacy/medication_plans/clients/{client_id}/weeks/{week}",""
"GET","/t/milo/devices/by_device_code/{device_code}","/v0/mobile_backend/devices/by_device_code/{device_code}",""
"GET","/t/employees/{employee_id}/devices","/v0/mobile_backend/devices/by_employee/{employee_id}",""
"GET","/t/milo/totp/by_employee/{employee_id}/request_totp","/v0/mobile_backend/totp/by_employee/{employee_id}/request_totp",""
"POST","/t/milo/totp/by_employee/{employee_id}/verify_totp","/v0/mobile_backend/totp/by_employee/{employee_id}/verify_totp",""
"GET","/t/milo/totp/request_totp","/v0/mobile_backend/totp/request_totp",""
"POST","/t/milo/totp/verify_totp","/v0/mobile_backend/totp/verify_totp",""
"GET","/t/hermes/care_provider_settings","/v0/notification/care_provider_settings",""
"GET","/t/clients/{client_id}/contact_method","/v0/notification/clients/{client_id}/contact_method",""
"POST","/t/clients/{client_id}/contact_methods/set_primary_type","/v0/notification/clients/{client_id}/contact_methods/set_primary_type",""
"GET","/t/employees/{employee_id}/notifications","/v0/notification/employees/{employee_id}/notifications",""
"POST","/t/hermes/notifications","/v0/notification/notifications",""
"GET","/t/hermes/notifications/{id}","/v0/notification/notifications/{id}",""
"GET","/t/hermes/notifications/by_uuid/{uuid}","/v0/notification/notifications/by_uuid/{uuid}",""
"GET","/t/omnisearch/clients/searchresult","/v0/omnisearch/client/search",""
"GET","/t/nexus/client_contact_relation_types","/v0/ons_nexus/client_contact_relation_types",""
"GET","/t/nexus/client_contact_relation_types/{id}","/v0/ons_nexus/client_contact_relation_types/{id}",""
"GET","/t/nexus/client_employee_relation_types","/v0/ons_nexus/client_employee_relation_types",""
"GET","/t/nexus/client_employee_relation_types/{id}","/v0/ons_nexus/client_employee_relation_types/{id}",""
"POST","/t/nexus/client_employee_relations","/v0/ons_nexus/client_employee_relations",""
"GET","/t/nexus/client_employee_relations/{id}","/v0/ons_nexus/client_employee_relations/{id}",""
"PUT","/t/nexus/client_employee_relations/{id}","/v0/ons_nexus/client_employee_relations/{id}",""
"DELETE","/t/nexus/client_employee_relations/{id}","/v0/ons_nexus/client_employee_relations/{id}",""
"GET","/t/clients/{client_id}/client_employee_relations","/v0/ons_nexus/clients/{client_id}/client_employee_relations",""
"GET","/t/employees/{employee_id}/client_employee_relations","/v0/ons_nexus/employees/{employee_id}/client_employee_relations",""
"GET","/t/nexus/organisation_categories","/v0/ons_nexus/organisation_categories",""
"GET","/t/nexus/organisation_categories/{id}","/v0/ons_nexus/organisation_categories/{id}",""
"GET","/t/nexus/personal_relation_types","/v0/ons_nexus/personal_relation_types",""
"GET","/t/nexus/personal_relation_types/{id}","/v0/ons_nexus/personal_relation_types/{id}",""
"GET","/t/openehr/archetype_wrappers","/v0/openehr_dossier/back_channel/unauthorized/archetype_wrappers",""
"GET","/t/openehr/archetype_wrappers/{id}","/v0/openehr_dossier/back_channel/unauthorized/archetype_wrappers/{id}",""
"GET","/t/openehr/archetype_wrappers/creatable","/v0/openehr_dossier/back_channel/unauthorized/archetype_wrappers/creatable","module_uuid[]: renamed from module_uuid"
"GET","/t/openehr/archetype_wrappers/creatable/current_versions","/v0/openehr_dossier/back_channel/unauthorized/archetype_wrappers/creatable/current_versions","module_uuid[]: renamed from module_uuid"
"GET","/t/openehr/archetype_wrappers/for_client/{client_id}","/v0/openehr_dossier/back_channel/unauthorized/archetype_wrappers/for_client/{client_id}","module_uuid[]: renamed from module_uuid"
"GET","/t/ons_ehr/api/back_channel/unauthorized/clients/{client_id}/navigation_availabilities","/v0/openehr_dossier/back_channel/unauthorized/clients/{client_id}/navigation_availabilities",""
"GET","/t/openehr/clients/by_archetype_id/{archetype_id}","/v0/openehr_dossier/back_channel/unauthorized/clients/by_archetype_id/{archetype_id}",""
"GET","/t/openehr/composition_wrappers","/v0/openehr_dossier/back_channel/unauthorized/composition_wrappers","item_tag_key[]: renamed from item_tag_key","module_uuid[]: renamed from module_uuid"
"GET","/t/openehr/composition_wrappers/all","/v0/openehr_dossier/back_channel/unauthorized/composition_wrappers","item_tag_key[]: renamed from item_tag_key","module_uuid[]: renamed from module_uuid"
"POST","/t/openehr/composition_wrappers","/v0/openehr_dossier/back_channel/unauthorized/composition_wrappers",""
"DELETE","/t/openehr/composition_wrappers","/v0/openehr_dossier/back_channel/unauthorized/composition_wrappers","id[]: renamed from id"
"GET","/t/openehr/composition_wrappers/{id}","/v0/openehr_dossier/back_channel/unauthorized/composition_wrappers/{id}",""
"PUT","/t/openehr/composition_wrappers/{id}","/v0/openehr_dossier/back_channel/unauthorized/composition_wrappers/{id}",""
"DELETE","/t/openehr/composition_wrappers/{id}","/v0/openehr_dossier/back_channel/unauthorized/composition_wrappers/{id}",""
"GET","/t/openehr/composition_wrappers/{id}/composition_versions","/v0/openehr_dossier/back_channel/unauthorized/composition_wrappers/{id}/composition_versions",""
"GET","/t/openehr/composition_wrappers/{id}/incoming_links","/v0/openehr_dossier/back_channel/unauthorized/composition_wrappers/{id}/incoming_links","archetype_id[]: renamed from archetype_id","module_uuid[]: renamed from module_uuid"
"POST","/t/openehr/composition_wrappers/evaluate","/v0/openehr_dossier/back_channel/unauthorized/composition_wrappers/evaluate",""
"GET","/t/openehr/composition_wrappers/export_to_xlsx","/v0/openehr_dossier/back_channel/unauthorized/composition_wrappers/export_to_xlsx",""
"POST","/t/openehr/composition_wrappers/selected_values","/v0/openehr_dossier/back_channel/unauthorized/composition_wrappers/selected_values",""
"GET","/t/openehr/employee_groups","/v0/openehr_dossier/back_channel/unauthorized/employee_groups",""
"GET","/t/openehr/employee_groups/by_employee/{employee_id}","/v0/openehr_dossier/back_channel/unauthorized/employee_groups/by_employee/{employee_id}",""
"GET","/t/ons_ehr/employees/{employee_id}/last_visited_plan","/v0/openehr_dossier/back_channel/unauthorized/employees/{employee_id}/last_visited_plan",""
"POST","/t/openehr/multimedia_files","/v0/openehr_dossier/back_channel/unauthorized/multimedia_files",""
"GET","/t/openehr/multimedia_files/{id}","/v0/openehr_dossier/back_channel/unauthorized/multimedia_files/{id}",""
"GET","/t/openehr/multimedia_files/{id}/download","/v0/openehr_dossier/back_channel/unauthorized/multimedia_files/{id}/download",""
"GET","/t/openehr/multimedia_files/{id}/thumbnail","/v0/openehr_dossier/back_channel/unauthorized/multimedia_files/{id}/thumbnail",""
"GET","/t/ons_ehr/plan_statistics/ggz","/v0/openehr_dossier/back_channel/unauthorized/plan_statistics/ggz",""
"GET","/t/ons_ehr/settings","/v0/openehr_dossier/back_channel/unauthorized/settings",""
"GET","/t/openehr/vvt_care_profiles/{careplan_id}","/v0/openehr_dossier/back_channel/unauthorized/vvt_care_profiles/{careplan_id}",""
"POST","/t/openehr/vvt_care_profiles/{careplan_id}/copy","/v0/openehr_dossier/back_channel/unauthorized/vvt_care_profiles/{careplan_id}/copy",""
"POST","/t/openehr/vvt_care_profiles/care_plan_links","/v0/openehr_dossier/back_channel/unauthorized/vvt_care_profiles/care_plan_links",""
"GET","/t/employee_schedules/by_employee_id_authorized/{employee_id}","/v0/plannen_roosteren/authorized/employee_schedules/by_employee_id/{employee_id}",""
"GET","/t/clients/{client_id}/client_planning_filters","/v0/plannen_roosteren/clients/{client_id}/client_planning_filters","from: renamed from valid_from","to: renamed from valid_to"
"GET","/t/clients/{client_id}/planned_schedule","/v0/plannen_roosteren/clients/{client_id}/planned_schedule",""
"POST","/t/containers/search","/v0/plannen_roosteren/containers/search",""
"POST","/t/moves/employee_export_jobs","/v0/plannen_roosteren/employee_export_jobs/create",""
"POST","/t/moves/employee_export_jobs/preview","/v0/plannen_roosteren/employee_export_jobs/preview",""
"GET","/t/employee_schedules/by_employee_id/{employee_id}","/v0/plannen_roosteren/employee_schedules/by_employee_id/{employee_id}",""
"GET","/t/employees/{employee_id}/employee_moves_profile","/v0/plannen_roosteren/employees/{employee_id}/employee_moves_profile",""
"GET","/t/employees/{employee_id}/hours_report","/v0/plannen_roosteren/employees/{employee_id}/hours_report",""
"GET","/t/employees/{employee_id}/navigation_availabilities","/v0/plannen_roosteren/employees/{employee_id}/navigation_availabilities",""
"GET","/t/employee_planning/employees/{employee_id}/planning","/v0/plannen_roosteren/employees/{employee_id}/planning",""
"GET","/t/employee_planning/employees/{employee_id}/roster","/v0/plannen_roosteren/employees/{employee_id}/roster",""
"GET","/t/moves/employees/{employee_id}/shift_assignments/upcoming","/v0/plannen_roosteren/employees/{employee_id}/shift_assignments/upcoming",""
"PATCH","/t/plan_cards/{checksum}","/v0/plannen_roosteren/plan_cards/{checksum}",""
"POST","/t/plan_cards/{checksum}/plan","/v0/plannen_roosteren/plan_cards/{checksum}/plan",""
"POST","/t/plan_cards/search","/v0/plannen_roosteren/plan_cards/search",""
"GET","/t/clients/{client_id}/planned_visits","/v0/plannen_roosteren/planned_visits/by_client_id/{client_id}","from: renamed from valid_from","to: renamed from valid_to"
"GET","/t/employees/{employee_id}/planned_visits","/v0/plannen_roosteren/planned_visits/by_employee_id/{employee_id}","from: renamed from valid_from","to: renamed from valid_to"
"GET","/t/moves/roster_slots","/v0/plannen_roosteren/roster_slots",""
"GET","/t/moves/roster_slots/{id}","/v0/plannen_roosteren/roster_slots/{id}",""
"POST","/t/moves/roster_slots/{roster_slot_id}/assign","/v0/plannen_roosteren/roster_slots/{roster_slot_id}/assign",""
"DELETE","/t/moves/roster_slots/{roster_slot_id}/clear_assignments","/v0/plannen_roosteren/roster_slots/{roster_slot_id}/clear_assignments",""
"GET","/t/moves/roster_slots/on_call","/v0/plannen_roosteren/roster_slots/on_call",""
"GET","/t/moves/shift_assignments/starting_between","/v0/plannen_roosteren/shift_assignments/starting_between",""
"GET","/t/moves/shifts/{id}","/v0/plannen_roosteren/shifts/{id}",""
"GET","/t/teams/{team_id}/on_call_roster_slots","/v0/plannen_roosteren/teams/{team_id}/on_call_rosterslots",""
"GET","/t/teams/{team_id}/roster_slots","/v0/plannen_roosteren/teams/{team_id}/rosterslots","from: renamed from valid_from","to: renamed from valid_to"
"GET","/t/moves/units","/v0/plannen_roosteren/units",""
"GET","/t/moves/units/{unit_id}","/v0/plannen_roosteren/units/{unit_id}",""
"GET","/t/moves/units/{unit_id}/clients","/v0/plannen_roosteren/units/{unit_id}/clients",""
"GET","/t/moves/working_employee_report","/v0/plannen_roosteren/working_employee_report",""
"GET","/t/tasque/care_task_group_statuses","/v0/taken/care_task_group_statuses",""
"POST","/t/tasque/care_task_groups","/v0/taken/care_task_groups",""
"GET","/t/tasque/care_task_groups/{id}","/v0/taken/care_task_groups/{id}",""
"PUT","/t/tasque/care_task_groups/{id}","/v0/taken/care_task_groups/{id}",""
"DELETE","/t/tasque/care_task_groups/{id}","/v0/taken/care_task_groups/{id}",""
"GET","/t/tasque/care_task_occurrences/{id}","/v0/taken/care_task_occurrences/{id}",""
"DELETE","/t/tasque/care_task_occurrences/{id}/destroy_following","/v0/taken/care_task_occurrences/{id}/destroy_following",""
"DELETE","/t/tasque/care_task_occurrences/{id}/destroy_incidentally","/v0/taken/care_task_occurrences/{id}/destroy_incidentally",""
"PUT","/t/tasque/care_task_occurrences/{id}/finish","/v0/taken/care_task_occurrences/{id}/finish",""
"GET","/t/tasque/care_task_occurrences/{id}/next_date/{date}","/v0/taken/care_task_occurrences/{id}/next_date/{date}",""
"DELETE","/t/tasque/care_task_occurrences/{id}/next_date/{date}/destroy_following","/v0/taken/care_task_occurrences/{id}/next_date/{date}/destroy_following",""
"DELETE","/t/tasque/care_task_occurrences/{id}/next_date/{date}/destroy_incidentally","/v0/taken/care_task_occurrences/{id}/next_date/{date}/destroy_incidentally",""
"PUT","/t/tasque/care_task_occurrences/{id}/next_date/{date}/update_following","/v0/taken/care_task_occurrences/{id}/next_date/{date}/update_following",""
"PUT","/t/tasque/care_task_occurrences/{id}/next_date/{date}/update_incidentally","/v0/taken/care_task_occurrences/{id}/next_date/{date}/update_incidentally",""
"PUT","/t/tasque/care_task_occurrences/{id}/update_following","/v0/taken/care_task_occurrences/{id}/update_following",""
"PUT","/t/tasque/care_task_occurrences/{id}/update_incidentally","/v0/taken/care_task_occurrences/{id}/update_incidentally",""
"GET","/t/tasque/care_task_occurrences/by_sub_type_id/{sub_type_id}","/v0/taken/care_task_occurrences/by_sub_type_id/{sub_type_id}",""
"GET","/t/tasque/care_task_occurrences/client_ids_by_sub_type","/v0/taken/care_task_occurrences/client_ids_by_sub_type",""
"POST","/t/tasque/care_task_series","/v0/taken/care_task_series",""
"GET","/t/clients/{client_id}/care_task_occurrences","/v0/taken/clients/{client_id}/care_task_occurrences","from: renamed from valid_from","to: renamed from valid_to"
"GET","/t/clients/{client_id}/care_task_occurrences/by_sub_type","/v0/taken/clients/{client_id}/care_task_occurrences/by_sub_type",""
"GET","/t/employees/{employee_id}/care_task_occurrences/by_sub_type","/v0/taken/employees/{employee_id}/care_task_occurrences/by_sub_type",""
"GET","/t/locations/{location_id}/care_task_occurrences","/v0/taken/locations/{location_id}/care_task_occurrences","from: renamed from valid_from","to: renamed from valid_to"
"GET","/t/locations/{location_id}/care_task_occurrences/by_sub_type","/v0/taken/locations/{location_id}/care_task_occurrences/by_sub_type",""
"GET","/t/teams/{team_id}/care_task_occurrences/by_sub_type","/v0/taken/teams/{team_id}/care_task_occurrences/by_sub_type",""
"GET","/t/whismur/server/settings","/v0/whismur/settings",""
"GET","/t/moves/availabilities/x-stream-connect/data","/v0/xstream/availabilities/data",""
"GET","/t/moves/availabilities/x-stream-connect/deletes","/v0/xstream/availabilities/deletes",""
"GET","/t/moves/availabilities/x-stream-connect/updates","/v0/xstream/availabilities/updates",""
"GET","/t/moves/availability_types/x-stream-connect/data","/v0/xstream/availability_types/data",""
"GET","/t/bank_accounts/x-stream-connect/data","/v0/xstream/bank_accounts/data",""
"GET","/t/bank_accounts/x-stream-connect/updates","/v0/xstream/bank_accounts/updates",""
"GET","/t/care_allocations/x-stream-connect/data","/v0/xstream/care_allocations/data",""
"GET","/t/care_allocations/x-stream-connect/deletes","/v0/xstream/care_allocations/deletes",""
"GET","/t/care_allocations/x-stream-connect/updates","/v0/xstream/care_allocations/updates",""
"GET","/t/care_arrangements/x-stream-connect/data","/v0/xstream/care_arrangements/data",""
"GET","/t/care_arrangements/x-stream-connect/updates","/v0/xstream/care_arrangements/updates",""
"GET","/t/finance/care_order_products/x-stream-connect/data","/v0/xstream/care_order_products/data",""
"GET","/t/finance/care_order_products/x-stream-connect/updates","/v0/xstream/care_order_products/updates",""
"GET","/t/finance/care_orders/x-stream-connect/data","/v0/xstream/care_orders/data",""
"GET","/t/finance/care_orders/x-stream-connect/updates","/v0/xstream/care_orders/updates",""
"GET","/t/client_absences/x-stream-connect/data","/v0/xstream/client_absences/data",""
"GET","/t/client_addresses/x-stream-connect/data","/v0/xstream/client_addresses/data",""
"GET","/t/client_addresses/x-stream-connect/updates","/v0/xstream/client_addresses/updates",""
"GET","/t/client_contact_relation_addresses/x-stream-connect/data","/v0/xstream/client_contact_relation_addresses/data",""
"GET","/t/client_contact_relation_addresses/x-stream-connect/updates","/v0/xstream/client_contact_relation_addresses/updates",""
"GET","/t/nexus/client_employee_relations/x-stream-connect/data","/v0/xstream/client_employee_relations/data",""
"GET","/t/nexus/client_employee_relations/x-stream-connect/updates","/v0/xstream/client_employee_relations/updates",""
"GET","/t/clients/x-stream-connect/data","/v0/xstream/clients/data",""
"GET","/t/clients/x-stream-connect/deletes","/v0/xstream/clients/deletes",""
"GET","/t/clients/x-stream-connect/updates","/v0/xstream/clients/updates",""
"GET","/t/payroll/contract_types/x-stream-connect/data","/v0/xstream/contract_types/data",""
"GET","/t/payroll/contracts/x-stream-connect/data","/v0/xstream/contracts/data",""
"GET","/t/payroll/contracts/x-stream-connect/updates","/v0/xstream/contracts/updates",""
"GET","/t/debtors/x-stream-connect/data","/v0/xstream/debtors/data",""
"GET","/t/debtors/x-stream-connect/updates","/v0/xstream/debtors/updates",""
"GET","/t/documents/x-stream-connect/data","/v0/xstream/documents/data",""
"GET","/t/documents/x-stream-connect/deletes","/v0/xstream/documents/deletes",""
"GET","/t/documents/x-stream-connect/updates","/v0/xstream/documents/updates",""
"GET","/t/expertise_profiles/x-stream-connect/data","/v0/xstream/educations/data",""
"GET","/t/expertise_profiles/x-stream-connect/updates","/v0/xstream/educations/updates",""
"GET","/t/employee_addresses/x-stream-connect/data","/v0/xstream/employee_addresses/data",""
"GET","/t/employee_addresses/x-stream-connect/updates","/v0/xstream/employee_addresses/updates",""
"GET","/t/employees/x-stream-connect/data","/v0/xstream/employees/data",""
"GET","/t/employees/x-stream-connect/deletes","/v0/xstream/employees/deletes",""
"GET","/t/employees/x-stream-connect/updates","/v0/xstream/employees/updates",""
"GET","/t/expertise_groups/x-stream-connect/data","/v0/xstream/expertise_groups/data",""
"GET","/t/expertise_groups/x-stream-connect/updates","/v0/xstream/expertise_groups/updates",""
"GET","/t/expertise_profile_assignments/x-stream-connect/data","/v0/xstream/expertise_profile_assignments/data",""
"GET","/t/expertise_profile_assignments/x-stream-connect/updates","/v0/xstream/expertise_profile_assignments/updates",""
"GET","/t/moves/expertise_profiles/x-stream-connect/data","/v0/xstream/expertise_profiles/data",""
"GET","/t/moves/expertise_profiles/x-stream-connect/deletes","/v0/xstream/expertise_profiles/deletes",""
"GET","/t/moves/expertise_profiles/x-stream-connect/updates","/v0/xstream/expertise_profiles/updates",""
"GET","/t/finance/export_profiles/x-stream-connect/data","/v0/xstream/export_profiles/data",""
"GET","/t/finance/export_profiles/x-stream-connect/updates","/v0/xstream/export_profiles/updates",""
"GET","/t/finance/finance_logs/x-stream-connect/data","/v0/xstream/finance_logs/data",""
"GET","/t/finance/finance_logs/x-stream-connect/updates","/v0/xstream/finance_logs/updates",""
"GET","/t/finance/finance_types/x-stream-connect/data","/v0/xstream/finance_types/data",""
"GET","/t/finance/finance_types/x-stream-connect/updates","/v0/xstream/finance_types/updates",""
"GET","/t/free_field_assignments/x-stream-connect/data","/v0/xstream/free_field_assignments/data",""
"GET","/t/free_field_assignments/x-stream-connect/updates","/v0/xstream/free_field_assignments/updates",""
"GET","/t/free_field_categories/x-stream-connect/data","/v0/xstream/free_field_categories/data",""
"GET","/t/free_field_definitions/x-stream-connect/data","/v0/xstream/free_field_definitions/data",""
"GET","/t/groups/x-stream-connect/data","/v0/xstream/groepsplanning_groups/data",""
"GET","/t/groupcare/groups/x-stream-connect/data","/v0/xstream/groups/data",""
"GET","/t/payroll/hourly_wages/x-stream-connect/data","/v0/xstream/hourly_wages/data",""
"GET","/t/payroll/hourly_wages/x-stream-connect/updates","/v0/xstream/hourly_wages/updates",""
"GET","/t/insurances/x-stream-connect/data","/v0/xstream/insurances/data",""
"GET","/t/insurances/x-stream-connect/updates","/v0/xstream/insurances/updates",""
"GET","/t/finance/invoice_row_finance_logs/x-stream-connect/updates","/v0/xstream/invoice_row_finance_logs/updates",""
"GET","/t/finance/invoice_rows/x-stream-connect/data","/v0/xstream/invoice_rows/data",""
"GET","/t/finance/invoice_rows/x-stream-connect/updates","/v0/xstream/invoice_rows/updates",""
"GET","/t/finance/invoices/x-stream-connect/data","/v0/xstream/invoices/data",""
"GET","/t/finance/invoices/x-stream-connect/updates","/v0/xstream/invoices/updates",""
"GET","/t/location_assignments/x-stream-connect/data","/v0/xstream/location_assignments/data",""
"GET","/t/location_assignments/x-stream-connect/updates","/v0/xstream/location_assignments/updates",""
"GET","/t/locations/x-stream-connect/data","/v0/xstream/locations/data",""
"GET","/t/locations/x-stream-connect/updates","/v0/xstream/locations/updates",""
"GET","/t/moves/memberships/x-stream-connect/data","/v0/xstream/memberships/data",""
"GET","/t/moves/memberships/x-stream-connect/deletes","/v0/xstream/memberships/deletes",""
"GET","/t/moves/memberships/x-stream-connect/updates","/v0/xstream/memberships/updates",""
"GET","/t/finance/products/x-stream-connect/data","/v0/xstream/products/data",""
"GET","/t/finance/products/x-stream-connect/updates","/v0/xstream/products/updates",""
"GET","/t/client_contact_relations/x-stream-connect/data","/v0/xstream/relations/data",""
"GET","/t/client_contact_relations/x-stream-connect/updates","/v0/xstream/relations/updates",""
"GET","/t/dossier/reports/x-stream-connect/data","/v0/xstream/reports/data",""
"GET","/t/dossier/reports/x-stream-connect/updates","/v0/xstream/reports/updates",""
"GET","/t/users/x-stream-connect/data","/v0/xstream/responsibilities/data",""
"GET","/t/users/x-stream-connect/deletes","/v0/xstream/responsibilities/deletes",""
"GET","/t/users/x-stream-connect/updates","/v0/xstream/responsibilities/updates",""
"GET","/t/finance/restitutions/x-stream-connect/data","/v0/xstream/restitutions/data",""
"GET","/t/finance/restitutions/x-stream-connect/updates","/v0/xstream/restitutions/updates",""
"GET","/t/moves/shifts/x-stream-connect/data","/v0/xstream/shifts/data",""
"GET","/t/moves/shifts/x-stream-connect/deletes","/v0/xstream/shifts/deletes",""
"GET","/t/moves/shifts/x-stream-connect/updates","/v0/xstream/shifts/updates",""
"GET","/t/team_assignments/x-stream-connect/data","/v0/xstream/team_assignments/data",""
"GET","/t/team_assignments/x-stream-connect/deletes","/v0/xstream/team_assignments/deletes",""
"GET","/t/team_assignments/x-stream-connect/updates","/v0/xstream/team_assignments/updates",""
"GET","/t/teams/x-stream-connect/data","/v0/xstream/teams/data",""
"GET","/t/teams/x-stream-connect/deletes","/v0/xstream/teams/deletes",""
"GET","/t/teams/x-stream-connect/updates","/v0/xstream/teams/updates",""
"GET","/t/moves/units/x-stream-connect/data","/v0/xstream/units/data",""
"GET","/t/moves/units/x-stream-connect/deletes","/v0/xstream/units/deletes",""
"GET","/t/moves/units/x-stream-connect/updates","/v0/xstream/units/updates",""
"GET","/t/finance/vecozo_invoice_relations/x-stream-connect/data","/v0/xstream/vecozo_invoice_relations/data",""
"GET","/t/finance/vecozo_invoice_relations/x-stream-connect/updates","/v0/xstream/vecozo_invoice_relations/updates",""
"GET","/t/zorgmail_connector/clients/{client_id}/diagnostic_procedures","/v0/zorgmail_connector/clients/{client_id}/diagnostic_procedures",""
"POST","/t/zorgmail-module/cupido/zorgmail/credentials/validate","/v0/zorgmail_module/cupido/zorgmail/credentials/validate",""
"GET","/t/carepath/{uuid}","/v0/zorgpaden/carepath/{uuid}",""
"GET","/t/carepath/active/{client_id}","/v0/zorgpaden/carepath/active/{client_id}",""
"POST","/t/carepath/template/v2","/v0/zorgpaden/template/v2",""
"GET","/t/carepath/template/v2/{uuid}","/v0/zorgpaden/template/v2/{uuid}",""
